ano,dia
10234,4
10234,17
10234,19
10234,35
10234,44
10234,47
10234,47
10235,7
10235,10
10235,21
10235,23
10235,42
10235,45
10235,48
10236,1
10236,7
10236,19
10236,23
10236,29
10236,34
10236,35
10236,40
10237,25
10237,30
10237,33
10238,9
10238,9
10238,11
10238,12
10238,15
10238,15
10238,22
10238,26
10238,34
10238,38
10238,39
10238,48
10239,1
10239,6
10239,21
10239,24
10239,41
10240,1
10240,7
10240,9
10240,14
10240,26
10241,10
10241,22
10241,25
10241,26
10241,37
10241,48
10241,50
10242,13
10242,14
10242,15
10242,15
10242,25
10242,25
10242,26
10242,27
10242,27
10242,27
10242,34
10242,38
10242,39
10242,39
10242,41
10243,3
10243,3
10243,3
10243,8
10243,12
10243,14
10243,15
10243,21
10243,25
10243,27
10243,32
10243,38
10243,46
10244,2
10244,12
10244,12
10244,15
10244,22
10244,27
10244,29
10244,35
10244,39
10244,43
10244,46
10245,14
10245,17
10245,37
10245,40
10245,44
10245,46
10246,3
10246,5
10246,7
10246,34
10246,36
10246,38
10246,39
10246,46
10246,47
10247,1
10247,10
10247,12
10247,14
10247,26
10247,26
10247,27
10247,28
10247,34
10247,36
10247,38
10247,41
10248,9
10248,18
10248,22
10248,27
10248,28
10248,29
10248,37
10248,39
10249,2
10249,7
10249,8
10249,8
10249,9
10249,12
10249,17
10249,19
10249,27
10249,40
10249,47
10250,3
10250,3
10250,6
10250,7
10250,8
10250,10
10250,11
10250,16
10250,18
10250,27
10250,28
10250,28
10250,38
10250,40
10250,41
10250,48
10250,50
10251,5
10251,7
10251,17
10251,18
10251,21
10251,30
10251,34
10251,40
10251,43
10251,43
10251,46
10251,47
10252,4
10252,7
10252,8
10252,13
10252,15
10252,16
10252,17
10252,18
10252,20
10252,25
10252,26
10252,28
10252,38
10253,13
10253,23
10253,32
10253,35
10253,43
10253,47
10254,8
10254,12
10254,13
10254,14
10254,25
10254,27
10254,42
10254,44
10254,44
10254,47
10254,48
10255,13
10255,14
10255,23
10255,24
10255,27
10255,30
10255,39
10255,40
10255,44
10255,45
10255,46
10256,3
10256,10
10256,10
10256,13
10256,16
10256,20
10256,26
10256,28
10256,33
10256,34
10256,35
10256,38
10256,44
10256,45
10256,47
10256,49
10257,1
10257,1
10257,3
10257,9
10257,15
10257,20
10257,24
10257,49
10257,49
10258,9
10258,11
10258,12
10258,15
10258,28
10258,32
10258,33
10258,41
10258,44
10258,47
10258,48
10258,50
10259,5
10259,18
10259,27
10259,30
10259,33
10259,34
10259,40
10259,46
10259,47
10260,16
10260,19
10260,21
10260,25
10260,31
10260,37
10260,37
10260,43
10260,43
10260,50
10261,12
10261,13
10261,17
10261,18
10261,19
10261,36
10261,39
10261,42
10261,45
10261,48
10262,1
10262,2
10262,28
10262,32
10262,41
10263,1
10263,2
10263,2
10263,5
10263,13
10263,16
10263,17
10263,21
10263,23
10263,32
10263,34
10263,36
10263,38
10263,40
10263,44
10264,10
10264,12
10264,13
10264,18
10264,22
10264,23
10264,23
10264,24
10264,30
10264,36
10264,37
10264,49
10265,8
10265,13
10265,17
10265,20
10265,21
10265,25
10265,29
10265,35
10265,35
10265,36
10265,37
10265,45
10265,46
10266,6
10266,11
10266,17
10266,25
10266,27
10266,27
10266,40
10266,45
10266,48
10266,50
10266,50
10267,6
10267,21
10267,26
10267,34
10267,35
10267,40
10267,49
10268,3
10268,5
10268,26
10268,32
10268,32
10268,35
10268,44
10268,46
10268,47
10268,47
10268,48
10269,1
10269,2
10269,4
10269,14
10269,21
10269,23
10269,26
10269,32
10269,41
10270,1
10270,1
10270,2
10270,4
10270,9
10270,10
10270,13
10270,22
10270,30
10270,33
10270,36
10271,1
10271,11
10271,14
10271,19
10271,23
10271,23
10271,36
10271,50
10272,1
10272,7
10272,8
10272,15
10272,22
10272,23
10272,26
10272,29
10272,31
10272,33
10272,34
10272,34
10272,47
10272,47
10272,47
10273,3
10273,6
10273,7
10273,7
10273,10
10273,11
10273,15
10273,16
10273,16
10273,23
10273,25
10273,26
10273,31
10273,32
10273,41
10273,49
10274,1
10274,2
10274,12
10274,19
10274,20
10274,27
10274,29
10274,31
10274,38
10274,39
10274,48
10275,7
10275,11
10275,15
10275,20
10275,21
10275,21
10275,24
10275,25
10275,27
10275,31
10275,38
10275,39
10275,48
10275,49
10276,7
10276,9
10276,16
10276,23
10276,23
10276,27
10276,29
10276,46
10276,50
10277,1
10277,10
10277,13
10277,19
10277,20
10277,31
10277,33
10277,34
10277,41
10277,47
10278,6
10278,14
10278,16
10278,19
10278,21
10278,26
10278,31
10278,34
10278,47
10278,48
10279,4
10279,22
10279,34
10279,34
10279,34
10279,35
10279,38
10279,41
10279,42
10279,42
10280,2
10280,6
10280,8
10280,9
10280,15
10280,22
10280,23
10280,27
10280,30
10280,32
10280,37
10280,47
10280,48
10280,49
10281,1
10281,10
10281,13
10281,20
10281,21
10281,25
10281,29
10281,30
10281,35
10281,35
10281,38
10281,49
10282,7
10282,12
10282,42
10282,46
10282,48
10283,4
10283,4
10283,4
10283,12
10283,14
10283,17
10283,18
10283,20
10283,21
10283,24
10283,29
10283,30
10283,34
10283,36
10283,43
10283,43
10283,43
10283,48
10283,50
10284,5
10284,6
10284,7
10284,16
10284,27
10284,30
10284,32
10284,32
10284,40
10284,43
10285,32
10285,34
10286,5
10286,10
10286,19
10286,21
10286,21
10286,27
10286,39
10287,4
10287,8
10287,14
10287,29
10287,32
10287,40
10287,43
10287,44
10287,44
10287,46
10287,46
10287,48
10288,11
10288,16
10288,30
10288,31
10288,37
10288,38
10288,39
10289,5
10289,24
10289,27
10289,33
10289,33
10289,40
10289,44
10289,47
10290,15
10290,16
10290,21
10290,25
10290,30
10290,34
10290,48
10291,1
10291,15
10291,15
10291,23
10291,24
10291,28
10291,38
10291,43
10292,2
10292,3
10292,4
10292,13
10292,16
10292,21
10292,25
10292,36
10292,36
10292,37
10292,43
10292,44
10292,45
10292,47
10293,15
10293,19
10293,26
10293,36
10293,40
10293,41
10293,47
10294,2
10294,6
10294,6
10294,10
10294,15
10294,18
10294,19
10294,25
10294,25
10294,36
10294,48
10294,48
10295,2
10295,2
10295,2
10295,11
10295,13
10295,16
10295,20
10295,21
10295,26
10295,43
10296,9
10296,11
10296,12
10296,13
10296,21
10296,22
10296,30
10296,33
10297,7
10297,9
10297,15
10297,22
10297,31
10297,32
10297,34
10297,38
10297,40
10297,43
10298,4
10298,5
10298,20
10298,30
10298,31
10298,43
10298,46
10299,8
10299,13
10299,17
10299,25
10299,25
10299,26
10299,31
10299,34
10299,37
10299,40
10299,41
10299,43
10299,44
10299,44
10299,48
10299,49
10300,19
10300,25
10300,26
10300,28
10300,33
10300,33
10300,38
10300,43
10300,44
10300,49
10300,50
10301,9
10301,9
10301,18
10301,34
10301,37
10301,37
10301,44
10301,48
10301,49
10302,9
10302,9
10302,11
10302,15
10302,18
10302,30
10302,33
10302,37
10302,37
10302,49
10303,2
10303,4
10303,6
10303,18
10303,32
10303,39
10303,41
10303,50
10304,10
10304,12
10304,14
10304,16
10304,25
10304,31
10304,38
10304,45
10304,46
10304,46
10304,47
10305,1
10305,10
10305,13
10305,13
10305,13
10305,20
10305,20
10305,23
10305,37
10305,40
10305,43
10305,44
10305,48
10306,28
10306,39
10306,41
10306,42
10306,46
10307,2
10307,8
10307,8
10307,26
10307,30
10307,33
10308,8
10308,10
10308,10
10308,14
10308,14
10308,17
10308,27
10308,33
10308,43
10308,44
10308,45
10308,46
10308,47
10308,48
10309,12
10309,14
10309,15
10309,17
10309,23
10309,26
10309,27
10309,32
10309,47
10309,48
10309,50
10309,50
10310,4
10310,4
10310,10
10310,10
10310,12
10310,15
10310,24
10310,25
10310,28
10310,43
10311,4
10311,5
10311,14
10311,25
10311,29
10311,33
10311,36
10311,42
10311,43
10312,6
10312,19
10312,33
10312,35
10312,36
10312,45
10312,45
10313,3
10313,12
10313,21
10313,29
10313,44
10314,4
10314,11
10314,11
10314,15
10314,15
10314,16
10314,16
10314,19
10314,23
10314,25
10314,28
10314,29
10314,38
10314,42
10314,45
10314,49
10315,2
10315,7
10315,9
10315,20
10315,23
10315,26
10315,26
10315,30
10315,33
10315,34
10315,34
10315,38
10315,41
10315,41
10315,49
10316,1
10316,6
10316,8
10316,18
10316,19
10316,25
10316,29
10316,36
10316,37
10316,42
10316,47
10316,48
10316,48
10317,16
10317,17
10317,17
10317,19
10317,21
10317,30
10317,32
10317,33
10317,44
10317,46
10318,7
10318,22
10318,24
10318,29
10318,30
10318,37
10318,38
10318,40
10318,43
10319,6
10319,16
10319,25
10319,37
10319,41
10319,42
10320,6
10320,10
10320,20
10320,23
10320,27
10320,35
10320,36
10320,37
10320,39
10320,45
10320,45
10320,48
10321,9
10321,14
10321,15
10321,24
10321,26
10321,29
10321,35
10321,49
10322,2
10322,7
10322,10
10322,13
10322,15
10322,16
10322,16
10322,26
10322,33
10322,34
10322,40
10322,44
10322,50
10322,50
10323,11
10324,2
10324,4
10324,5
10324,8
10324,12
10324,13
10324,14
10324,20
10324,21
10324,24
10324,25
10324,37
10324,39
10325,4
10325,7
10325,14
10325,19
10325,34
10325,34
10325,40
10325,41
10325,47
10326,3
10326,9
10326,25
10326,28
10326,29
10326,34
10326,36
10326,45
10326,45
10326,47
10327,2
10327,2
10327,3
10327,5
10327,6
10327,13
10327,14
10327,14
10327,29
10327,34
10327,37
10327,41
10327,48
10328,1
10328,5
10328,5
10328,7
10328,28
10328,39
10328,43
10329,18
10329,18
10329,30
10329,31
10329,39
10329,40
10329,42
10329,50
10330,13
10330,13
10330,14
10330,19
10330,23
10330,34
10330,34
10330,42
10330,47
10330,50
10331,1
10331,2
10331,6
10331,10
10331,12
10331,13
10331,18
10331,20
10331,24
10331,25
10331,27
10331,33
10331,34
10331,39
10331,42
10331,43
10331,44
10331,46
10332,1
10332,3
10332,6
10332,7
10332,9
10332,11
10332,13
10332,14
10332,21
10332,28
10332,33
10332,35
10332,36
10332,40
10332,45
10332,45
10332,50
10333,2
10333,7
10333,10
10333,27
10333,30
10333,38
10334,2
10334,20
10334,29
10334,31
10334,38
10334,42
10334,42
10335,2
10335,2
10335,6
10335,14
10335,19
10335,20
10335,22
10335,24
10335,39
10335,46
10335,49
10336,7
10336,8
10336,9
10336,11
10336,14
10336,17
10336,17
10336,26
10336,27
10336,29
10336,29
10336,30
10336,33
10336,35
10336,38
10336,38
10336,46
10336,47
10337,5
10337,5
10337,6
10337,6
10337,8
10337,10
10337,18
10337,20
10337,24
10337,38
10337,39
10337,46
10338,3
10338,6
10338,9
10338,15
10338,15
10338,17
10338,22
10338,23
10338,24
10338,30
10338,32
10338,33
10338,38
10338,40
10338,45
10339,4
10339,8
10339,14
10339,19
10339,19
10339,20
10339,26
10339,39
10339,42
10339,44
10339,45
10340,2
10340,15
10340,18
10340,20
10340,27
10340,27
10340,35
10340,35
10340,47
10340,47
10340,50
10340,50
10341,1
10341,6
10341,21
10341,21
10341,29
10341,34
10341,48
10342,10
10342,10
10342,10
10342,13
10342,16
10342,19
10342,23
10342,29
10342,33
10342,36
10342,39
10342,45
10342,47
10342,47
10342,49
10343,14
10343,32
10343,34
10343,46
10344,11
10344,14
10344,17
10344,27
10344,28
10344,30
10344,43
10344,46
10345,4
10345,16
10345,16
10345,17
10345,25
10345,29
10345,32
10345,36
10345,40
10345,41
10345,45
10345,48
10346,5
10346,6
10346,8
10346,9
10346,17
10346,21
10346,23
10346,23
10346,23
10346,25
10346,26
10346,27
10347,4
10347,7
10347,7
10347,8
10347,16
10347,25
10347,32
10347,37
10347,39
10347,50
10347,50
10348,1
10348,3
10348,18
10348,27
10348,29
10348,37
10348,38
10348,40
10349,1
10349,23
10349,29
10349,37
10349,39
10349,40
10350,1
10350,10
10350,23
10350,30
10350,35
10350,36
10350,38
10350,41
10350,42
10350,42
10350,44
10350,50
10351,4
10351,4
10351,9
10351,13
10351,18
10351,24
10351,26
10351,27
10351,31
10351,40
10351,50
10351,50
10352,13
10352,19
10352,20
10352,22
10352,24
10352,28
10352,29
10352,35
10352,43
10352,45
10352,47
10352,49
10353,1
10353,9
10353,11
10353,15
10353,15
10353,17
10353,21
10353,23
10353,30
10353,36
10353,38
10353,46
10353,47
10353,49
10354,5
10354,15
10354,17
10354,22
10354,22
10354,31
10354,39
10354,46
10354,49
10355,15
10355,19
10355,27
10355,35
10355,38
10355,42
10355,43
10355,44
10355,50
10356,3
10356,5
10356,10
10356,16
10356,17
10356,37
10356,42
10356,44
10357,6
10357,10
10357,16
10357,22
10357,24
10357,24
10357,25
10357,33
10357,43
10357,46
10358,1
10358,11
10358,17
10358,24
10358,30
10358,33
10358,36
10358,42
10358,44
10359,1
10359,8
10359,8
10359,10
10359,10
10359,14
10359,19
10359,20
10359,31
10359,36
10359,46
10359,47
10359,47
10359,49
10359,50
10360,1
10360,6
10360,19
10360,22
10360,26
10360,30
10360,31
10360,37
10360,37
10360,41
10360,44
10360,47
10360,48
10361,1
10361,3
10361,5
10361,7
10361,10
10361,11
10361,17
10361,17
10361,23
10361,25
10361,34
10361,34
10361,34
10361,36
10361,40
10361,49
10362,1
10362,3
10362,9
10362,11
10362,12
10362,13
10362,14
10362,15
10362,19
10362,36
10363,3
10363,12
10363,12
10363,15
10363,20
10363,22
10363,39
10363,44
10363,45
10364,1
10364,5
10364,7
10364,24
10364,27
10364,31
10364,37
10364,41
10364,43
10364,46
10364,47
10365,3
10365,20
10365,25
10365,29
10365,35
10365,48
10366,1
10366,2
10366,9
10366,14
10366,19
10366,26
10366,36
10366,39
10366,40
10366,43
10366,44
10367,10
10367,11
10367,17
10367,20
10367,26
10367,28
10367,29
10367,32
10367,38
10367,40
10367,41
10367,43
10368,10
10368,13
10368,15
10368,22
10368,25
10368,39
10368,44
10369,8
10369,10
10369,18
10369,19
10369,25
10369,36
10369,40
10369,48
10370,4
10370,13
10370,13
10370,17
10370,20
10370,21
10370,21
10370,21
10370,24
10370,32
10370,41
10371,2
10371,9
10371,11
10371,11
10371,19
10371,22
10371,23
10371,33
10371,34
10371,35
10371,36
10371,49
10373,5
10373,7
10373,8
10373,9
10373,20
10373,30
10373,34
10373,40
10373,45
10374,1
10374,11
10374,11
10374,12
10374,26
10374,44
10374,46
10375,11
10375,13
10375,14
10375,19
10375,22
10375,35
10375,37
10375,46
10376,2
10376,2
10376,9
10376,16
10376,23
10376,24
10376,24
10376,25
10376,41
10376,47
10377,2
10377,4
10377,8
10377,9
10377,9
10377,13
10377,14
10377,15
10377,18
10377,32
10377,33
10377,33
10377,37
10377,47
10378,7
10378,7
10378,12
10378,24
10378,24
10378,25
10378,29
10378,32
10378,34
10378,43
10378,43
10378,46
10379,4
10379,26
10379,34
10379,38
10379,49
10380,5
10380,24
10380,29
10380,35
10380,36
10380,38
10380,41
10380,41
10380,43
10380,45
10381,1
10381,5
10381,5
10381,20
10381,28
10381,28
10381,36
10381,37
10381,41
10381,48
10382,3
10382,5
10382,13
10382,28
10382,32
10382,33
10382,34
10382,42
10382,44
10382,46
10382,48
10382,49
10383,12
10383,13
10383,18
10383,18
10383,19
10383,23
10383,31
10383,34
10383,35
10383,40
10383,49
10384,17
10384,18
10384,19
10384,22
10384,26
10384,27
10384,32
10384,32
10384,34
10384,47
10384,47
10384,50
10385,9
10385,10
10385,12
10385,18
10385,20
10385,20
10385,24
10385,30
10385,30
10385,33
10385,33
10385,39
10385,39
10385,42
10385,49
10386,5
10386,8
10386,11
10386,11
10386,11
10386,15
10386,18
10386,19
10386,24
10386,40
10386,41
10386,42
10386,47
10387,18
10387,19
10387,20
10387,27
10387,31
10387,32
10387,38
10387,41
10387,48
10387,50
10387,50
10387,50
10388,2
10388,16
10388,19
10388,20
10388,20
10388,24
10388,28
10388,45
10389,6
10389,6
10389,6
10389,7
10389,15
10389,16
10389,19
10389,21
10389,25
10389,32
10389,34
10389,34
10389,45
10389,50
10390,7
10390,12
10390,17
10390,24
10390,30
10390,33
10390,36
10390,38
10390,44
10391,4
10391,4
10391,8
10391,17
10391,19
10391,23
10391,25
10391,26
10391,28
10391,30
10391,34
10391,35
10391,46
10392,6
10392,7
10392,12
10392,17
10392,27
10392,30
10392,37
10392,40
10392,41
10392,48
10393,8
10393,10
10393,12
10393,19
10393,25
10393,32
10393,32
10393,47
10394,8
10394,27
10394,29
10394,33
10394,40
10394,42
10394,43
10395,9
10395,9
10395,12
10395,13
10395,15
10395,16
10395,17
10395,24
10395,25
10395,25
10395,31
10395,41
10396,3
10396,7
10396,9
10396,10
10396,17
10396,22
10396,28
10396,34
10396,34
10396,47
10397,5
10397,7
10397,13
10397,30
10397,31
10397,33
10397,37
10397,38
10397,41
10398,15
10398,23
10398,25
10398,33
10398,44
10398,48
10399,1
10399,19
10399,22
10399,26
10399,27
10399,34
10399,35
10400,1
10400,3
10400,7
10400,10
10400,10
10400,24
10400,26
10400,30
10400,35
10400,38
10400,41
10400,47
10400,47
10401,5
10401,8
10401,10
10401,18
10401,19
10401,30
10401,31
10401,41
10402,20
10402,25
10402,31
10402,33
10402,36
10403,5
10403,7
10403,8
10403,23
10403,25
10403,29
10403,31
10403,35
10403,38
10403,44
10403,45
10403,48
10404,2
10404,4
10404,16
10404,18
10404,19
10404,19
10404,28
10404,31
10405,3
10405,3
10405,11
10405,21
10405,21
10405,25
10405,36
10405,42
10405,46
10405,48
10406,5
10406,7
10406,30
10406,31
10406,33
10406,36
10406,38
10406,38
10407,1
10407,3
10407,15
10407,17
10407,39
10407,45
10407,50
10408,1
10408,3
10408,5
10408,17
10408,22
10408,25
10409,8
10409,23
10409,24
10409,33
10409,38
10409,38
10409,38
10409,42
10409,48
10410,4
10410,19
10410,19
10410,19
10410,20
10410,28
10410,31
10410,31
10410,35
10410,41
10410,43
10411,4
10411,15
10411,16
10411,37
10411,38
10412,3
10412,18
10412,26
10412,31
10412,46
10412,47
10413,1
10413,7
10413,11
10413,12
10413,14
10413,15
10413,22
10413,24
10413,28
10413,37
10413,40
10413,48
10414,14
10414,15
10414,19
10414,33
10414,43
10414,43
10414,45
10414,47
10414,47
10414,49
10414,49
10415,9
10415,11
10415,12
10415,14
10415,17
10415,27
10415,39
10415,42
10415,42
10415,47
10415,47
10416,2
10416,7
10416,13
10416,14
10416,17
10416,23
10416,35
10416,35
10416,36
10416,40
10416,44
10416,48
10417,3
10417,18
10417,25
10417,26
10417,32
10417,38
10417,38
10417,43
10418,8
10418,9
10418,15
10418,23
10418,24
10418,30
10418,38
10419,9
10419,17
10419,27
10419,36
10419,37
10419,41
10419,47
10419,48
10420,3
10420,5
10420,5
10420,8
10420,10
10420,10
10420,17
10420,22
10420,26
10420,26
10420,27
10420,34
10420,38
10420,45
10421,1
10421,3
10421,6
10421,7
10421,7
10421,7
10421,10
10421,13
10421,16
10421,16
10421,17
10421,23
10421,26
10421,35
10421,36
10421,39
10421,39
10421,42
10422,6
10422,11
10422,18
10422,19
10422,21
10422,28
10422,32
10422,43
10422,45
10423,4
10423,12
10423,14
10423,14
10423,21
10423,25
10423,29
10423,29
10423,34
10423,34
10423,39
10423,46
10424,2
10424,10
10424,21
10424,24
10424,32
10424,36
10424,37
10424,49
10425,5
10425,14
10425,17
10425,18
10425,20
10425,20
10425,22
10425,23
10425,25
10425,25
10425,31
10425,33
10425,37
10425,43
10426,6
10426,10
10426,12
10426,15
10426,18
10426,20
10426,24
10426,34
10426,40
10426,45
10426,47
10427,2
10427,18
10427,28
10427,28
10427,32
10427,39
10427,40
10428,4
10428,17
10428,22
10428,23
10428,24
10428,35
10428,37
10429,5
10429,9
10429,23
10429,27
10429,29
10429,33
10429,42
10429,44
10429,45
10429,45
10430,11
10430,13
10430,15
10430,16
10430,17
10430,17
10430,22
10430,27
10430,28
10430,30
10430,32
10430,37
10430,43
10430,43
10430,44
10430,45
10430,46
10431,3
10431,6
10431,17
10431,19
10431,28
10431,31
10431,32
10431,35
10431,41
10431,47
10432,8
10432,8
10432,8
10432,13
10432,19
10432,21
10432,27
10432,31
10432,32
10432,37
10432,37
10432,40
10433,4
10433,5
10433,7
10433,9
10433,15
10433,18
10433,22
10433,24
10433,26
10433,41
10433,42
10434,6
10434,14
10434,18
10434,25
10434,32
10434,37
10434,38
10434,41
10434,41
10434,42
10434,49
10434,50
10435,7
10435,16
10435,17
10435,17
10435,25
10435,25
10435,40
10435,44
10435,45
10436,1
10436,4
10436,7
10436,7
10436,9
10436,18
10436,21
10436,26
10436,33
10436,38
10436,38
10436,39
10436,40
10436,46
10436,47
10437,1
10437,2
10437,9
10437,11
10437,19
10437,19
10437,33
10437,33
10437,44
10438,4
10438,9
10438,18
10438,20
10438,32
10438,38
10438,43
10438,43
10438,43
10438,43
10438,45
10438,48
10439,2
10439,16
10439,19
10439,39
10439,39
10439,39
10439,39
10439,40
10439,41
10439,43
10440,2
10440,5
10440,6
10440,20
10440,22
10440,24
10440,32
10440,40
10440,46
10440,47
10441,7
10441,11
10441,13
10441,18
10441,27
10441,32
10441,35
10441,37
10441,37
10441,44
10441,44
10442,5
10442,6
10442,13
10442,18
10442,23
10442,26
10442,30
10442,31
10442,31
10442,35
10442,42
10442,44
10442,47
10443,10
10443,12
10443,16
10443,22
10443,30
10443,32
10443,32
10443,35
10443,41
10443,42
10443,44
10444,9
10444,10
10444,18
10444,25
10444,28
10444,33
10444,33
10444,37
10444,39
10444,46
10445,2
10445,14
10445,20
10445,23
10445,23
10445,24
10445,27
10445,28
10445,34
10445,34
10445,35
10445,44
10445,48
10445,48
10445,49
10446,2
10446,5
10446,6
10446,11
10446,11
10446,28
10446,35
10446,38
10446,38
10446,39
10446,39
10446,39
10446,44
10446,47
10447,1
10447,3
10447,5
10447,6
10447,9
10447,26
10447,29
10447,37
10448,2
10448,15
10448,19
10448,23
10448,23
10448,28
10448,35
10448,35
10448,42
10448,42
10449,18
10449,26
10449,26
10449,27
10449,28
10449,31
10450,4
10450,8
10450,8
10450,12
10450,16
10450,19
10450,25
10450,28
10450,32
10450,34
10450,35
10450,35
10450,36
10450,38
10450,45
10451,2
10451,13
10451,13
10451,14
10451,16
10451,20
10451,29
10451,30
10451,33
10451,36
10451,39
10451,39
10451,42
10451,43
10451,45
10451,46
10452,2
10452,5
10452,12
10452,17
10452,31
10452,33
10452,36
10452,47
10453,1
10453,5
10453,28
10453,38
10453,49
10453,49
10454,9
10454,17
10454,26
10454,29
10454,34
10454,35
10454,47
10455,2
10455,10
10455,17
10455,18
10455,22
10455,26
10455,27
10455,29
10455,30
10455,32
10455,36
10455,45
10455,47
10455,47
10455,50
10456,2
10456,3
10456,7
10456,7
10456,8
10456,10
10456,30
10456,38
10456,45
10456,46
10457,4
10457,7
10457,7
10457,12
10457,15
10457,26
10457,40
10457,50
10458,8
10458,11
10458,14
10458,15
10458,19
10458,19
10458,27
10458,33
10458,33
10458,36
10458,37
10458,39
10458,50
10459,1
10459,21
10459,21
10459,25
10459,28
10459,29
10459,35
10459,43
10460,3
10460,8
10460,14
10460,18
10460,22
10460,23
10460,31
10460,36
10460,39
10460,50
10461,5
10461,9
10461,12
10461,13
10461,16
10461,18
10461,24
10461,24
10461,27
10461,34
10461,36
10461,44
10461,48
10462,9
10462,17
10462,19
10462,21
10462,21
10462,26
10462,27
10462,38
10462,39
10462,41
10462,43
10462,47
10463,2
10463,12
10463,14
10463,34
10463,34
10463,37
10463,39
10463,45
10463,50
10464,3
10464,16
10464,30
10464,37
10464,48
10464,49
10464,49
10465,2
10465,8
10465,18
10465,25
10465,25
10465,37
10465,49
10466,2
10466,3
10466,3
10466,3
10466,9
10466,16
10466,20
10466,23
10466,23
10466,28
10466,30
10466,34
10466,36
10466,42
10466,47
10467,1
10467,4
10467,6
10467,6
10467,9
10467,10
10467,11
10467,12
10467,18
10467,25
10467,30
10467,43
10467,44
10467,48
10468,6
10468,22
10468,35
10468,35
10468,43
10468,48
10469,1
10469,12
10469,14
10469,16
10469,26
10469,27
10469,36
10469,42
10469,50
10470,1
10470,17
10470,19
10470,21
10470,25
10470,29
10470,30
10470,32
10470,34
10470,47
10471,2
10471,17
10471,22
10471,25
10471,27
10471,36
10471,37
10471,39
10471,41
10471,44
10471,48
10472,4
10472,12
10472,14
10472,19
10472,25
10472,29
10472,31
10472,32
10472,32
10472,34
10472,47
10473,2
10473,3
10473,9
10473,12
10473,33
10473,34
10473,40
10474,4
10474,13
10474,24
10474,25
10474,25
10474,26
10474,29
10474,29
10474,34
10474,36
10474,36
10474,38
10474,45
10474,45
10475,3
10475,7
10475,12
10475,13
10475,13
10475,18
10475,23
10475,26
10475,30
10475,30
10475,35
10475,37
10475,42
10475,45
10475,48
10475,49
10476,1
10476,2
10476,9
10476,10
10476,10
10476,13
10476,20
10476,21
10476,37
10476,38
10476,39
10476,39
10476,40
10476,44
10476,46
10477,2
10477,16
10477,22
10477,29
10477,31
10477,36
10477,39
10478,15
10478,21
10478,29
10478,36
10478,39
10478,44
10478,49
10479,1
10479,4
10479,10
10479,11
10479,19
10479,23
10479,30
10479,34
10479,40
10479,49
10480,5
10480,13
10480,28
10480,28
10480,30
10480,33
10480,34
10480,36
10480,45
10480,49
10481,2
10481,5
10481,14
10481,25
10481,32
10481,37
10481,49
10482,2
10482,32
10482,43
10482,48
10483,2
10483,10
10483,15
10483,23
10483,38
10484,11
10484,14
10484,25
10484,28
10484,32
10484,45
10484,47
10484,47
10484,49
10485,4
10485,7
10485,24
10485,29
10485,41
10486,17
10486,32
10486,35
10486,40
10487,8
10487,8
10487,28
10487,50
10488,21
10488,25
10488,26
10488,31
10488,38
10488,42
10488,48
10488,49
10488,49
10488,50
10489,4
10489,15
10489,21
10489,41
10490,2
10490,7
10490,12
10490,14
10490,20
10490,21
10490,21
10490,40
10490,40
10490,46
10490,48
10490,48
10491,5
10491,6
10491,13
10491,13
10491,14
10491,16
10491,31
10491,31
10491,32
10491,36
10491,40
10491,44
10491,47
10492,1
10492,8
10492,9
10492,22
10492,23
10492,23
10492,35
10492,35
10492,39
10492,47
10492,50
10493,1
10493,6
10493,13
10493,20
10493,23
10493,31
10493,32
10494,2
10494,6
10494,17
10494,34
10494,41
10494,41
10495,5
10495,11
10495,29
10495,37
10495,42
10495,42
10495,48
10496,17
10496,40
10496,41
10497,42
10497,47
10498,2
10498,4
10498,11
10498,11
10498,16
10498,21
10498,24
10498,25
10498,25
10498,28
10498,30
10498,31
10498,34
10498,34
10498,44
10498,47
10498,50
10499,1
10499,15
10499,26
10499,27
10499,35
10499,40
10499,50
10500,1
10500,14
10500,14
10500,26
10500,27
10500,36
10500,37
10500,44
10501,3
10501,10
10501,13
10501,17
10501,19
10501,20
10501,22
10501,23
10501,24
10501,32
10501,42
10501,43
10501,44
10501,47
10502,14
10502,28
10502,34
10502,40
10502,43
10503,5
10503,5
10503,8
10503,12
10503,15
10503,23
10503,25
10503,26
10503,26
10503,33
10503,35
10504,7
10504,8
10504,12
10504,14
10504,21
10504,22
10504,24
10504,24
10504,25
10504,31
10504,39
10504,47
10505,15
10505,15
10505,17
10505,34
10505,47
10505,48
10505,49
10506,13
10506,19
10506,33
10506,42
10506,47
10506,48
10507,1
10507,6
10507,8
10507,9
10507,10
10507,11
10507,13
10507,13
10507,23
10507,29
10507,30
10507,31
10507,42
10507,49
10508,11
10508,14
10508,20
10508,34
10508,42
10508,43
10508,50
10509,1
10509,16
10509,18
10509,22
10509,31
10509,36
10509,42
10509,45
10509,47
10509,49
10510,8
10510,9
10510,12
10510,16
10510,17
10510,22
10510,22
10510,26
10510,32
10510,33
10510,33
10510,36
10510,37
10510,43
10510,48
10511,7
10511,16
10511,26
10511,36
10511,44
10511,48
10511,49
10512,12
10512,15
10512,19
10512,21
10512,24
10512,36
10512,39
10512,40
10512,41
10512,43
10513,9
10513,15
10513,16
10513,17
10513,20
10513,34
10513,38
10513,38
10513,40
10513,50
10514,6
10514,20
10514,26
10514,28
10514,36
10514,41
10514,43
10514,44
10514,45
10514,48
10515,9
10515,18
10515,19
10515,40
10515,46
10516,19
10516,24
10516,26
10516,27
10516,38
10516,47
10517,1
10517,6
10517,9
10517,13
10517,13
10517,17
10517,20
10517,22
10517,26
10517,37
10517,43
10517,45
10517,47
10518,2
10518,10
10518,13
10518,19
10518,24
10518,24
10518,30
10518,38
10518,39
10518,46
10519,1
10519,12
10519,17
10519,27
10519,29
10519,30
10519,35
10519,39
10519,44
10519,45
10519,47
10520,3
10520,8
10520,13
10520,23
10520,25
10520,38
10520,44
10520,45
10520,47
10520,50
10521,11
10521,22
10521,29
10521,32
10521,35
10521,37
10521,38
10522,1
10522,3
10522,5
10522,13
10522,20
10522,21
10522,40
10522,43
10522,48
10522,48
10523,2
10523,9
10523,12
10523,13
10523,13
10523,15
10523,17
10523,22
10523,27
10523,44
10523,50
10524,4
10524,11
10524,16
10524,21
10524,26
10524,29
10524,29
10524,35
10524,41
10524,48
10524,49
10524,50
10525,10
10525,13
10525,13
10525,25
10525,41
10525,43
10526,3
10526,7
10526,9
10526,11
10526,16
10526,21
10526,41
10526,41
10526,43
10526,46
10527,3
10527,11
10527,15
10527,16
10527,23
10527,23
10527,30
10527,33
10527,34
10527,50
10528,1
10528,1
10528,2
10528,4
10528,4
10528,6
10528,8
10528,11
10528,12
10528,13
10528,13
10528,15
10528,15
10528,33
10528,33
10528,35
10528,41
10528,46
10528,47
10528,50
10529,5
10529,12
10529,13
10529,31
10529,32
10529,34
10529,34
10530,3
10530,5
10530,10
10530,35
10530,37
10530,38
10530,38
10530,40
10530,46
10531,1
10531,8
10531,13
10531,18
10531,21
10531,29
10531,31
10531,32
10531,32
10531,34
10531,34
10531,37
10531,37
10531,39
10531,40
10531,48
10531,48
10532,5
10532,12
10532,14
10532,19
10532,23
10532,25
10532,34
10532,35
10532,38
10532,39
10532,44
10533,5
10533,9
10533,15
10533,18
10533,37
10533,45
10533,47
10534,3
10534,5
10534,11
10534,22
10534,23
10534,31
10534,35
10534,37
10534,43
10534,46
10535,6
10535,6
10535,6
10535,13
10535,15
10535,17
10535,20
10535,22
10535,24
10535,28
10535,32
10535,37
10535,38
10535,40
10535,41
10535,41
10535,45
10535,50
10536,4
10536,7
10536,22
10536,25
10536,25
10536,30
10536,38
10536,49
10537,5
10537,9
10537,12
10537,13
10537,24
10537,30
10537,37
10537,43
10538,2
10538,2
10538,4
10538,6
10538,10
10538,11
10538,12
10538,14
10538,15
10538,20
10538,30
10538,33
10538,38
10538,39
10538,48
10539,15
10539,18
10539,22
10539,24
10539,29
10539,32
10539,36
10539,39
10539,44
10540,10
10540,20
10540,25
10540,28
10540,29
10540,34
10540,35
10540,35
10540,42
10540,49
10541,3
10541,5
10541,8
10541,9
10541,17
10541,17
10541,31
10541,31
10541,32
10541,38
10541,46
10542,8
10542,11
10542,17
10542,18
10542,24
10542,24
10542,29
10542,36
10542,40
10542,41
10542,41
10542,43
10542,45
10543,3
10543,4
10543,6
10543,7
10543,14
10543,18
10543,23
10543,29
10543,30
10543,39
10543,44
10544,1
10544,7
10544,13
10544,17
10544,20
10544,32
10544,42
10544,43
10544,43
10544,49
10545,4
10545,5
10545,12
10545,16
10545,25
10545,28
10545,42
10545,47
10546,4
10546,19
10546,22
10546,22
10546,24
10546,32
10546,32
10546,34
10546,44
10547,1
10547,2
10547,4
10547,6
10547,7
10547,9
10547,10
10547,16
10547,24
10547,25
10547,28
10547,40
10547,48
10548,5
10548,6
10548,19
10548,26
10548,35
10548,42
10548,45
10548,48
10549,5
10549,9
10549,19
10549,20
10549,22
10549,30
10549,40
10549,40
10549,45
10549,47
10549,47
10550,1
10550,1
10550,3
10550,3
10550,10
10550,13
10550,23
10550,31
10550,35
10550,38
10550,44
10551,6
10551,15
10551,16
10551,23
10551,23
10551,28
10551,30
10551,30
10551,31
10551,33
10552,7
10552,18
10552,18
10552,23
10552,26
10552,27
10552,28
10552,28
10552,31
10552,45
10553,7
10553,11
10553,19
10553,26
10553,26
10553,28
10553,33
10553,44
10554,8
10554,13
10554,22
10554,22
10554,22
10554,30
10554,34
10554,35
10554,44
10554,44
10554,47
10555,5
10555,7
10555,11
10555,14
10555,16
10555,24
10555,37
10555,38
10555,38
10555,43
10555,44
10555,48
10556,4
10556,24
10556,33
10556,36
10556,39
10556,39
10557,1
10557,12
10557,17
10557,30
10557,34
10557,36
10557,37
10557,38
10557,39
10558,9
10558,9
10558,10
10558,10
10558,11
10558,19
10558,19
10558,22
10558,24
10558,33
10558,33
10558,39
10558,42
10558,42
10558,42
10558,45
10558,45
10558,46
10559,4
10559,11
10559,25
10559,26
10559,35
10559,38
10559,41
10559,45
10559,46
10559,47
10560,2
10560,6
10560,6
10560,13
10560,23
10560,24
10560,43
10560,46
10561,10
10561,14
10561,14
10561,16
10561,26
10561,39
10561,46
10561,46
10561,46
10562,11
10562,13
10562,14
10562,17
10562,28
10562,29
10562,31
10562,33
10562,37
10562,37
10562,49
10563,5
10563,8
10563,10
10563,10
10563,14
10563,15
10563,24
10563,24
10563,27
10563,33
10563,44
10563,48
10564,2
10564,5
10564,5
10564,12
10564,12
10564,13
10564,18
10564,19
10564,20
10564,22
10564,23
10564,24
10564,24
10564,25
10564,28
10565,1
10565,2
10565,7
10565,8
10565,12
10565,13
10565,17
10565,17
10565,22
10565,50
10566,13
10566,13
10566,34
10566,35
10566,43
10566,46
10566,50
10566,50
10567,3
10567,4
10567,5
10567,8
10567,9
10567,10
10567,10
10567,11
10567,11
10567,21
10567,24
10567,29
10567,35
10567,36
10567,36
10567,44
10567,47
10568,3
10568,9
10568,12
10568,19
10568,29
10568,34
10568,46
10569,3
10569,3
10569,9
10569,10
10569,15
10569,34
10569,40
10569,41
10570,6
10570,7
10570,21
10570,27
10570,27
10570,29
10570,30
10570,40
10570,43
10570,47
10570,48
10571,2
10571,24
10571,37
10571,47
10571,49
10571,50
10572,10
10572,11
10572,17
10572,18
10572,25
10572,27
10572,31
10572,35
10573,8
10573,8
10573,18
10573,19
10573,25
10573,25
10573,26
10573,28
10573,31
10573,33
10573,40
10573,41
10574,1
10574,7
10574,10
10574,12
10574,12
10574,20
10574,22
10574,27
10574,30
10574,35
10574,36
10575,5
10575,6
10575,11
10575,13
10575,21
10575,23
10575,28
10575,38
10575,39
10575,47
10576,4
10576,5
10576,7
10576,11
10576,14
10576,21
10576,31
10576,34
10576,34
10576,43
10576,44
10577,2
10577,6
10577,8
10577,10
10577,12
10577,13
10577,21
10577,48
10578,17
10578,19
10578,19
10578,25
10578,33
10578,46
10578,49
10578,50
10579,22
10579,27
10579,36
10579,36
10579,37
10580,4
10580,11
10580,22
10580,23
10580,25
10580,28
10580,40
10580,42
10580,43
10581,7
10581,11
10581,11
10581,12
10581,19
10581,49
10581,50
10582,1
10582,11
10582,28
10582,34
10582,35
10582,41
10582,43
10582,44
10583,6
10583,15
10583,24
10583,30
10583,31
10583,40
10583,44
10583,45
10583,45
10583,47
10583,50
10584,1
10584,3
10584,6
10584,9
10584,37
10585,11
10585,16
10585,23
10585,25
10585,27
10585,36
10585,36
10585,40
10585,44
10585,47
10586,12
10586,13
10586,14
10586,18
10586,22
10586,34
10586,37
10586,47
10587,1
10587,9
10587,18
10587,24
10587,24
10587,26
10587,27
10587,32
10587,46
10587,46
10587,47
10588,6
10588,9
10588,9
10588,17
10588,25
10588,29
10588,43
10588,44
10588,46
10589,5
10589,7
10589,11
10589,22
10589,23
10589,25
10589,29
10589,36
10589,39
10589,48
10590,3
10590,5
10590,8
10590,8
10590,13
10590,13
10590,17
10590,18
10590,20
10590,41
10591,6
10591,7
10591,22
10591,30
10591,34
10591,38
10591,38
10591,40
10591,40
10592,1
10592,2
10592,26
10592,27
10592,35
10592,38
10592,43
10592,47
10593,4
10593,11
10593,13
10593,19
10593,25
10593,34
10593,37
10593,37
10594,5
10594,7
10594,9
10594,10
10594,19
10594,32
10594,34
10594,37
10594,40
10594,49
10594,49
10595,4
10595,5
10595,13
10595,16
10595,31
10595,36
10595,37
10595,39
10595,44
10595,47
10595,49
10596,4
10596,6
10596,11
10596,12
10596,15
10596,20
10596,27
10596,28
10596,30
10596,38
10596,43
10597,4
10597,5
10597,6
10597,9
10597,20
10597,22
10597,28
10597,29
10597,35
10597,35
10597,38
10598,3
10598,16
10598,16
10598,19
10598,20
10598,20
10598,36
10598,36
10598,39
10598,45
10598,45
10599,2
10599,5
10599,5
10599,6
10599,6
10599,8
10599,16
10599,17
10599,19
10599,20
10599,22
10599,24
10599,31
10599,36
10599,41
10599,44
10600,7
10600,10
10600,13
10600,17
10600,23
10600,26
10600,27
10600,28
10600,28
10600,36
10600,43
10601,2
10601,4
10601,15
10601,18
10601,20
10601,28
10601,30
10601,34
10601,35
10601,39
10601,43
10602,1
10602,6
10602,7
10602,9
10602,9
10602,10
10602,12
10602,16
10602,24
10602,25
10602,34
10602,38
10602,39
10602,48
10603,3
10603,4
10603,8
10603,14
10603,14
10603,15
10603,19
10603,24
10603,34
10603,35
10603,47
10604,4
10604,7
10604,9
10604,20
10604,23
10604,23
10604,32
10604,39
10605,3
10605,5
10605,10
10605,21
10605,31
10605,40
10605,41
10605,46
10605,47
10606,2
10606,3
10606,3
10606,5
10606,6
10606,8
10606,13
10606,13
10606,15
10606,17
10606,23
10606,32
10606,42
10606,44
10606,46
10607,4
10607,9
10607,14
10607,18
10607,24
10607,27
10607,30
10608,3
10608,11
10608,15
10608,23
10608,28
10608,32
10608,33
10608,36
10608,46
10608,46
10609,2
10609,36
10609,39
10609,44
10609,45
10610,3
10610,4
10610,8
10610,8
10610,8
10610,12
10610,15
10610,26
10610,29
10610,35
10610,44
10610,47
10610,48
10611,3
10611,4
10611,6
10611,6
10611,8
10611,8
10611,13
10611,16
10611,17
10611,18
10611,25
10611,25
10611,26
10611,41
10611,41
10611,45
10611,50
10612,5
10612,7
10612,12
10612,12
10612,13
10612,15
10612,16
10612,21
10612,24
10612,24
10612,33
10612,39
10612,41
10612,41
10613,8
10613,12
10613,14
10613,15
10613,24
10613,30
10613,32
10613,38
10613,42
10613,48
10613,50
10614,1
10614,16
10614,17
10614,19
10614,30
10614,32
10614,34
10614,42
10615,8
10615,11
10615,29
10615,34
10615,37
10615,41
10615,41
10615,47
10616,2
10616,4
10616,17
10616,23
10616,27
10616,29
10616,31
10616,33
10616,41
10616,48
10617,10
10617,16
10617,22
10617,24
10617,26
10617,27
10617,32
10617,33
10617,38
10617,39
10617,40
10617,40
10617,44
10618,4
10618,8
10618,10
10618,12
10618,13
10618,16
10618,22
10618,31
10618,41
10618,42
10619,8
10619,12
10619,23
10619,26
10619,33
10619,35
10619,36
10619,42
10619,44
10620,6
10620,10
10620,16
10620,21
10620,25
10620,26
10620,37
10621,1
10621,24
10621,25
10621,36
10621,38
10621,38
10621,39
10621,48
10622,8
10622,10
10622,14
10622,16
10622,19
10622,22
10622,23
10622,29
10622,40
10622,41
10622,43
10622,47
10622,48
10623,3
10623,8
10623,11
10623,13
10623,15
10623,16
10623,19
10623,21
10623,35
10623,37
10623,44
10624,4
10624,5
10624,8
10624,13
10624,14
10624,20
10624,28
10624,30
10624,33
10624,43
10624,47
10624,48
10625,3
10625,6
10625,7
10625,16
10625,19
10625,20
10625,28
10625,32
10625,37
10625,38
10626,3
10626,4
10626,18
10626,18
10626,18
10626,27
10626,33
10626,34
10626,42
10626,45
10626,45
10626,46
10626,47
10626,48
10626,50
10627,2
10627,4
10627,7
10627,13
10627,20
10627,26
10627,28
10627,35
10627,40
10627,41
10627,43
10627,43
10627,44
10627,47
10628,6
10628,9
10628,11
10628,15
10628,17
10628,24
10628,31
10628,38
10628,42
10628,44
10629,1
10629,3
10629,4
10629,9
10629,9
10629,20
10629,23
10629,24
10629,30
10629,30
10629,44
10630,3
10630,8
10630,13
10630,19
10630,22
10630,24
10630,25
10630,38
10630,39
10630,42
10630,44
10630,45
10631,2
10631,2
10631,5
10631,10
10631,12
10631,14
10631,33
10631,44
10631,45
10631,48
10631,48
10632,4
10632,4
10632,10
10632,18
10632,18
10632,29
10632,35
10632,36
10632,48
10633,5
10633,8
10633,11
10633,11
10633,13
10633,16
10633,18
10633,22
10633,30
10633,34
10633,36
10633,42
10633,48
10633,49
10634,7
10634,16
10634,18
10634,29
10634,39
10634,50
10634,50
10635,1
10635,1
10635,3
10635,5
10635,9
10635,12
10635,21
10635,26
10635,30
10635,34
10635,39
10636,8
10636,20
10636,22
10636,44
10636,46
10636,50
10637,2
10637,16
10637,20
10637,20
10637,23
10637,24
10637,24
10637,28
10637,30
10637,32
10637,37
10637,38
10637,50
10638,1
10638,10
10638,12
10638,14
10638,18
10638,22
10638,29
10638,50
10639,1
10639,16
10639,22
10639,25
10639,40
10640,1
10640,3
10640,4
10640,6
10640,7
10640,13
10640,14
10640,23
10640,24
10640,31
10640,35
10640,42
10640,49
10641,1
10641,10
10641,13
10641,16
10641,16
10641,22
10641,27
10641,29
10641,30
10641,32
10641,33
10642,1
10642,20
10642,27
10642,27
10642,32
10642,35
10642,37
10642,39
10642,39
10642,48
10643,2
10643,6
10643,9
10643,10
10643,14
10643,15
10643,21
10643,26
10643,28
10643,31
10643,39
10643,40
10643,42
10643,45
10644,4
10644,4
10644,5
10644,15
10644,28
10644,31
10644,32
10644,37
10644,40
10644,44
10644,45
10644,50
10645,3
10645,26
10645,28
10645,32
10645,39
10645,39
10645,40
10645,42
10645,48
10646,2
10646,7
10646,15
10646,26
10646,31
10646,32
10646,37
10646,40
10646,46
10646,50
10647,26
10647,40
10648,5
10648,13
10648,23
10648,27
10648,27
10648,30
10648,31
10648,33
10648,36
10648,44
10649,5
10649,16
10649,19
10649,23
10649,36
10649,43
10649,47
10649,47
10650,2
10650,5
10650,8
10650,11
10650,31
10650,37
10650,49
10650,50
10651,7
10651,7
10651,10
10651,18
10651,45
10651,47
10652,3
10652,8
10652,13
10652,15
10652,27
10652,33
10652,36
10652,38
10652,42
10653,4
10653,9
10653,36
10653,44
10653,47
10654,4
10654,6
10654,7
10654,9
10654,10
10654,16
10654,18
10654,34
10654,35
10654,44
10654,45
10654,49
10655,9
10655,15
10655,18
10655,22
10655,22
10655,24
10655,24
10655,35
10655,37
10655,38
10655,49
10656,3
10656,12
10656,17
10656,20
10656,21
10656,25
10656,29
10656,29
10656,31
10656,32
10656,38
10657,4
10657,6
10657,10
10657,25
10657,26
10657,29
10657,32
10657,35
10657,36
10657,37
10657,46
10657,49
10658,4
10658,4
10658,16
10658,20
10658,22
10658,25
10658,28
10658,31
10658,34
10658,37
10658,42
10658,42
10658,49
10659,13
10659,14
10659,39
10659,40
10660,1
10660,2
10660,3
10660,35
10660,35
10661,7
10661,12
10661,13
10661,15
10661,18
10661,23
10661,23
10661,28
10661,29
10661,33
10661,34
10661,37
10661,37
10661,38
10661,42
10661,48
10662,3
10662,6
10662,9
10662,9
10662,18
10662,20
10662,22
10662,28
10662,33
10662,43
10663,7
10663,12
10663,14
10663,23
10663,27
10663,28
10663,32
10663,46
10663,50
10664,10
10664,10
10664,14
10664,15
10664,18
10664,19
10664,25
10664,27
10664,39
10664,40
10664,43
10664,43
10664,49
10665,10
10665,12
10665,16
10665,18
10665,19
10665,22
10665,34
10665,37
10665,45
10665,45
10665,46
10665,47
10665,50
10666,18
10666,20
10666,25
10666,33
10666,35
10666,44
10666,45
10666,50
10666,50
10667,4
10667,12
10667,16
10667,25
10667,28
10667,30
10667,33
10667,39
10667,40
10667,41
10667,45
10667,45
10668,3
10668,7
10668,7
10668,9
10668,10
10668,16
10668,18
10668,28
10668,30
10668,35
10668,43
10669,3
10669,9
10669,10
10669,12
10669,22
10669,24
10669,25
10669,43
10670,6
10670,12
10670,20
10670,23
10670,23
10670,29
10670,30
10670,32
10670,35
10670,40
10670,43
10670,47
10670,49
10670,49
10671,2
10671,4
10671,11
10671,17
10671,21
10671,22
10671,35
10671,43
10671,45
10671,47
10672,20
10672,21
10672,27
10672,27
10672,37
10672,41
10672,42
10672,45
10673,2
10673,5
10673,12
10673,25
10674,2
10674,5
10674,40
10674,45
10675,1
10675,3
10675,3
10675,13
10675,15
10675,16
10675,30
10675,34
10675,34
10675,39
10675,40
10675,45
10676,1
10676,3
10676,6
10676,10
10676,13
10676,25
10676,29
10676,32
10676,37
10676,48
10677,6
10677,8
10677,11
10677,15
10677,18
10677,19
10677,22
10677,26
10677,27
10677,30
10677,31
10677,31
10677,37
10677,37
10677,40
10677,42
10677,44
10677,50
10677,50
10678,5
10678,9
10678,10
10678,13
10678,18
10678,19
10678,27
10678,41
10678,43
10678,48
10678,50
10679,2
10679,2
10679,7
10679,8
10679,21
10679,29
10679,34
10679,37
10679,40
10679,43
10680,2
10680,22
10680,25
10680,26
10680,32
10680,50
10681,10
10681,15
10681,22
10681,22
10681,24
10681,27
10681,29
10681,30
10681,36
10681,48
10681,49
10682,2
10682,4
10682,8
10682,8
10682,30
10682,40
10682,49
10682,49
10682,49
10683,2
10683,8
10683,9
10683,12
10683,22
10683,22
10683,25
10683,27
10683,29
10683,32
10683,35
10683,39
10683,46
10683,48
10683,50
10684,2
10684,10
10684,11
10684,14
10684,15
10684,24
10684,27
10684,29
10684,32
10684,34
10684,37
10684,43
10684,50
10684,50
10685,2
10685,6
10685,11
10685,17
10685,22
10685,37
10685,37
10685,44
10685,46
10685,47
10685,49
10686,13
10686,14
10686,23
10686,24
10686,26
10686,33
10686,37
10686,40
10686,48
10687,6
10687,14
10687,16
10687,18
10687,21
10687,23
10687,37
10687,38
10687,40
10687,43
10687,45
10687,48
10687,49
10687,49
10688,5
10688,11
10688,18
10688,24
10688,25
10688,28
10688,38
10688,40
10688,41
10688,42
10688,49
10689,5
10689,11
10689,25
10689,31
10689,32
10689,35
10689,42
10690,3
10690,7
10690,13
10690,26
10690,28
10690,32
10690,34
10690,39
10690,39
10690,40
10690,41
10690,42
10690,45
10691,3
10691,10
10691,13
10691,15
10691,28
10691,34
10691,39
10691,44
10691,45
10691,48
10691,48
10692,1
10692,9
10692,18
10692,23
10692,23
10692,34
10692,39
10692,39
10692,43
10692,47
10692,49
10692,50
10693,9
10693,16
10693,25
10693,32
10693,42
10693,45
10693,47
10694,5
10694,6
10694,11
10694,11
10694,13
10694,26
10694,48
10694,48
10695,9
10695,11
10695,13
10695,15
10695,33
10695,36
10695,44
10695,45
10696,3
10696,3
10696,5
10696,8
10696,10
10696,10
10696,11
10696,21
10696,34
10696,44
10696,46
10697,15
10697,16
10697,19
10697,46
10698,8
10698,11
10698,11
10698,12
10698,35
10698,40
10698,40
10698,44
10698,45
10698,48
10699,5
10699,9
10699,10
10699,12
10699,16
10699,18
10699,19
10699,31
10699,44
10700,6
10700,9
10700,10
10700,23
10700,28
10700,32
10700,34
10700,42
10700,45
10700,45
10701,1
10701,2
10701,3
10701,9
10701,15
10701,17
10701,26
10701,30
10701,31
10701,36
10702,3
10702,6
10702,9
10702,13
10702,33
10702,47
10702,49
10703,15
10703,21
10703,30
10703,37
10703,38
10703,40
10703,40
10703,46
10704,1
10704,3
10704,8
10704,16
10704,17
10704,19
10704,26
10704,27
10704,31
10704,32
10704,46
10704,49
10705,6
10705,12
10705,28
10705,38
10705,44
10706,1
10706,14
10706,23
10706,42
10706,42
10706,46
10706,49
10707,2
10707,13
10707,14
10707,17
10707,28
10707,33
10707,35
10707,35
10707,38
10707,40
10707,44
10707,47
10707,49
10708,3
10708,10
10708,11
10708,18
10708,20
10708,20
10708,24
10708,27
10708,28
10708,32
10708,35
10708,43
10708,44
10708,44
10709,3
10709,6
10709,9
10709,12
10709,17
10709,20
10709,27
10709,34
10709,44
10709,44
10709,45
10710,1
10710,7
10710,11
10710,12
10710,14
10710,15
10710,16
10710,18
10710,18
10710,23
10710,26
10710,30
10710,43
10710,44
10711,7
10711,9
10711,12
10711,19
10711,20
10711,29
10711,37
10711,48
10712,2
10712,10
10712,15
10712,23
10712,28
10712,28
10712,31
10712,40
10712,42
10712,47
10712,49
10712,49
10713,4
10713,4
10713,6
10713,27
10713,28
10713,29
10713,31
10713,36
10713,39
10713,45
10713,46
10714,1
10714,5
10714,6
10714,11
10714,19
10714,26
10714,35
10714,36
10714,37
10714,41
10714,42
10714,48
10714,49
10714,50
10715,1
10715,5
10715,23
10715,24
10715,27
10715,39
10716,26
10716,27
10716,32
10716,38
10717,7
10717,10
10717,25
10717,27
10717,28
10717,29
10717,32
10717,38
10717,39
10717,42
10717,43
10717,43
10717,49
10718,1
10718,4
10718,8
10718,10
10718,18
10718,26
10718,28
10718,41
10718,43
10718,47
10718,50
10718,50
10719,1
10719,2
10719,5
10719,13
10719,15
10719,18
10719,20
10719,22
10719,26
10719,35
10719,38
10719,39
10719,50
10720,3
10720,16
10720,16
10720,16
10720,23
10720,24
10720,24
10720,30
10720,36
10720,37
10720,44
10720,48
10721,5
10721,8
10721,8
10721,16
10721,22
10721,23
10721,25
10721,35
10721,49
10722,1
10722,7
10722,8
10722,10
10722,10
10722,18
10722,28
10722,31
10722,34
10722,35
10722,42
10722,43
10722,46
10723,9
10723,11
10723,16
10723,20
10723,24
10723,28
10723,38
10724,8
10724,24
10724,26
10724,28
10724,42
10724,46
10725,5
10725,8
10725,17
10725,21
10725,23
10725,24
10725,31
10725,41
10725,47
10726,2
10726,8
10726,14
10726,23
10726,25
10726,26
10726,39
10726,39
10726,44
10726,47
10726,48
10726,48
10727,7
10727,27
10727,36
10727,45
10727,47
10728,12
10728,18
10728,20
10728,21
10728,25
10728,29
10728,30
10728,33
10728,38
10728,42
10728,43
10728,44
10728,46
10728,48
10729,2
10729,4
10729,7
10729,8
10729,13
10729,30
10729,40
10729,43
10729,45
10729,50
10730,7
10730,11
10730,21
10730,22
10730,30
10730,36
10730,37
10730,38
10730,39
10730,48
10730,49
10731,1
10731,6
10731,9
10731,17
10731,18
10731,22
10731,29
10731,30
10731,31
10731,34
10731,38
10731,42
10731,46
10731,50
10732,16
10732,25
10732,26
10732,28
10732,29
10732,39
10732,41
10732,42
10733,2
10733,9
10733,20
10733,21
10733,23
10733,28
10733,39
10733,47
10734,28
10734,30
10734,30
10734,30
10735,1
10735,2
10735,7
10735,17
10735,21
10735,24
10735,28
10735,29
10735,33
10735,40
10735,43
10735,46
10735,48
10735,49
10736,5
10736,18
10736,19
10736,23
10736,30
10736,31
10736,36
10736,39
10736,39
10736,40
10736,47
10736,49
10737,4
10737,6
10737,7
10737,14
10737,14
10737,17
10737,19
10737,23
10737,24
10737,25
10737,29
10738,2
10738,2
10738,8
10738,9
10738,17
10738,17
10738,26
10738,30
10738,31
10738,35
10738,42
10738,47
10738,48
10739,4
10739,8
10739,24
10739,26
10739,27
10739,32
10739,32
10739,32
10739,34
10739,35
10739,35
10739,50
10740,1
10740,5
10740,24
10740,26
10740,38
10740,46
10741,1
10741,6
10741,12
10741,29
10741,29
10741,29
10741,43
10742,2
10742,4
10742,6
10742,11
10742,15
10742,16
10742,31
10742,43
10742,48
10743,2
10743,6
10743,6
10743,12
10743,19
10743,21
10743,26
10743,30
10743,44
10743,48
10743,49
10744,7
10744,13
10744,27
10744,35
10744,43
10744,49
10745,13
10745,14
10745,17
10745,21
10745,25
10745,36
10745,40
10745,47
10746,2
10746,2
10746,5
10746,19
10746,20
10746,20
10746,29
10746,30
10746,33
10746,38
10746,41
10746,46
10747,3
10747,13
10747,14
10747,18
10747,28
10747,46
10748,1
10748,9
10748,14
10748,16
10748,17
10748,23
10748,24
10748,27
10748,34
10748,37
10748,45
10748,47
10749,13
10749,31
10749,33
10749,38
10749,38
10749,41
10749,41
10749,43
10749,49
10750,4
10750,6
10750,8
10750,10
10750,28
10750,39
10750,48
10750,49
10750,50
10751,12
10751,12
10751,13
10751,13
10751,17
10751,27
10751,28
10751,36
10751,48
10752,10
10752,11
10752,13
10752,14
10752,27
10753,1
10753,2
10753,6
10753,7
10753,9
10753,10
10753,15
10753,25
10753,43
10753,45
10753,49
10754,2
10754,10
10754,13
10754,13
10754,23
10754,24
10754,24
10754,28
10754,32
10754,41
10754,45
10755,2
10755,2
10755,10
10755,23
10755,28
10755,45
10755,45
10756,8
10756,15
10756,16
10756,19
10756,19
10756,22
10756,22
10756,25
10756,29
10756,32
10756,40
10756,42
10756,46
10756,46
10756,48
10757,8
10757,11
10757,14
10757,18
10757,19
10757,23
10757,31
10757,32
10757,34
10757,40
10758,2
10758,3
10758,8
10758,18
10758,19
10758,20
10758,24
10758,35
10758,48
10758,49
10759,8
10759,25
10759,37
10759,45
10759,46
10759,47
10760,2
10760,5
10760,7
10760,11
10760,20
10760,20
10760,23
10760,36
10760,43
10760,48
10761,2
10761,8
10761,14
10761,19
10761,20
10761,21
10761,27
10761,27
10761,28
10761,29
10761,30
10761,42
10762,1
10762,15
10762,17
10762,27
10762,28
10762,29
10762,35
10762,42
10763,11
10763,11
10763,21
10763,27
10763,28
10763,34
10763,35
10763,39
10763,42
10764,4
10764,5
10764,7
10764,8
10764,11
10764,15
10764,32
10764,32
10765,6
10765,14
10765,14
10765,14
10765,15
10765,28
10765,31
10765,33
10765,35
10765,37
10765,46
10765,46
10765,49
10766,2
10766,2
10766,13
10766,15
10766,18
10766,30
10766,36
10766,38
10766,42
10767,3
10767,3
10767,8
10767,14
10767,14
10767,17
10767,22
10767,24
10767,25
10767,26
10767,28
10767,28
10767,40
10768,3
10768,3
10768,13
10768,18
10768,23
10768,39
10769,5
10769,10
10769,13
10769,15
10769,16
10769,18
10769,19
10769,21
10769,21
10769,26
10769,28
10769,31
10769,32
10769,36
10769,41
10769,47
10769,48
10769,48
10770,6
10770,14
10770,15
10770,19
10770,26
10770,33
10770,34
10770,42
10771,4
10771,12
10771,14
10771,22
10771,25
10771,26
10771,32
10771,34
10771,35
10772,11
10772,15
10772,19
10772,21
10772,24
10772,24
10772,29
10772,33
10772,34
10772,34
10772,40
10772,41
10772,42
10772,43
10772,45
10773,9
10773,16
10773,17
10773,25
10773,25
10773,27
10773,33
10773,33
10773,35
10773,41
10773,47
10774,1
10774,6
10774,9
10774,10
10774,19
10774,24
10774,29
10774,30
10774,32
10774,32
10774,41
10774,42
10775,2
10775,4
10775,6
10775,10
10775,13
10775,18
10775,20
10775,30
10775,33
10775,36
10776,10
10776,14
10776,19
10776,21
10776,26
10776,26
10776,32
10776,37
10776,45
10776,48
10777,8
10777,10
10777,11
10777,13
10777,25
10777,31
10778,5
10778,7
10778,28
10778,34
10778,35
10778,36
10778,44
10778,46
10779,13
10779,15
10779,18
10779,21
10779,22
10779,24
10779,29
10779,31
10779,44
10779,46
10780,2
10780,2
10780,12
10780,18
10780,18
10780,21
10780,23
10780,24
10780,26
10780,27
10780,29
10780,35
10781,15
10781,20
10781,21
10781,24
10781,27
10781,29
10781,32
10781,37
10781,40
10781,43
10781,50
10782,5
10782,9
10782,11
10782,13
10782,17
10782,19
10782,20
10782,23
10782,23
10782,23
10782,29
10782,33
10782,43
10782,45
10783,5
10783,5
10783,7
10783,12
10783,14
10783,19
10783,26
10783,32
10784,30
10784,31
10784,36
10784,39
10784,44
10784,46
10785,18
10785,19
10785,20
10785,26
10785,30
10785,32
10785,32
10785,40
10785,42
10785,42
10785,49
10786,2
10786,10
10786,13
10786,16
10786,17
10786,19
10786,26
10786,27
10786,28
10786,31
10786,34
10786,37
10786,38
10786,40
10786,42
10786,45
10787,12
10787,33
10787,40
10788,9
10788,11
10788,13
10788,18
10788,20
10788,25
10788,28
10788,30
10788,50
10789,3
10789,9
10789,42
10789,44
10789,48
10790,6
10790,8
10790,9
10790,19
10790,25
10790,27
10790,31
10790,42
10790,43
10791,6
10791,11
10791,22
10791,36
10791,46
10791,46
10791,50
10792,9
10792,16
10792,17
10792,30
10792,42
10792,42
10792,43
10792,43
10792,45
10792,45
10792,46
10793,15
10793,17
10793,19
10793,20
10793,22
10793,44
10793,44
10793,47
10793,50
10794,1
10794,8
10794,11
10794,15
10794,17
10794,21
10794,21
10794,25
10794,44
10794,47
10795,2
10795,12
10795,41
10795,42
10795,47
10795,48
10796,2
10796,4
10796,7
10796,14
10796,27
10796,27
10796,28
10796,29
10797,3
10797,4
10797,5
10797,6
10797,19
10797,21
10797,24
10797,27
10797,37
10797,41
10797,43
10797,47
10798,1
10798,4
10798,19
10798,23
10798,23
10798,35
10799,3
10799,9
10799,10
10799,21
10799,25
10799,28
10799,49
10800,5
10800,8
10800,11
10800,12
10800,17
10800,17
10800,21
10800,29
10800,33
10800,41
10801,1
10801,20
10801,30
10801,30
10801,31
10801,33
10801,36
10801,37
10801,37
10801,37
10801,45
10801,46
10802,5
10802,10
10802,10
10802,11
10802,17
10802,22
10802,22
10802,25
10802,26
10802,36
10802,42
10802,42
10802,44
10802,45
10803,7
10803,20
10803,21
10803,23
10803,37
10803,38
10803,40
10803,44
10803,44
10804,11
10804,13
10804,16
10804,17
10804,18
10804,19
10804,24
10804,30
10804,43
10804,43
10804,50
10805,1
10805,14
10805,19
10805,22
10805,28
10805,28
10806,3
10806,10
10806,16
10806,19
10806,23
10806,23
10806,25
10806,26
10806,26
10806,32
10806,32
10806,37
10806,41
10806,43
10806,43
10806,47
10806,47
10806,50
10807,6
10807,9
10807,16
10807,17
10807,20
10807,27
10807,41
10807,46
10807,48
10808,12
10808,16
10808,18
10808,19
10808,26
10808,26
10808,28
10808,31
10808,34
10808,40
10808,43
10809,2
10809,6
10809,9
10809,10
10809,12
10809,16
10809,20
10809,21
10809,29
10809,29
10809,30
10809,30
10809,31
10809,33
10809,35
10809,38
10809,48
10809,50
10810,8
10810,11
10810,18
10810,21
10810,21
10810,26
10810,31
10810,40
10810,45
10811,6
10811,21
10811,25
10812,14
10812,14
10812,15
10812,18
10812,21
10812,22
10812,30
10812,42
10812,47
10812,47
10813,2
10813,4
10813,4
10813,7
10813,7
10813,8
10813,11
10813,26
10813,34
10813,42
10813,46
10814,4
10814,6
10814,7
10814,16
10814,20
10814,26
10814,27
10814,28
10814,31
10814,32
10814,32
10814,41
10814,48
10815,10
10815,33
10815,35
10815,40
10815,44
10816,9
10816,10
10816,12
10816,18
10816,41
10816,46
10817,1
10817,14
10817,16
10817,21
10817,21
10817,29
10817,43
10818,7
10818,9
10818,12
10818,22
10818,24
10818,32
10818,33
10818,47
10819,10
10819,13
10819,16
10819,19
10819,20
10819,20
10819,26
10819,30
10819,35
10820,7
10820,8
10820,14
10820,21
10820,22
10820,22
10820,26
10820,31
10820,34
10820,37
10821,2
10821,3
10821,7
10821,8
10821,12
10821,14
10821,14
10821,35
10821,38
10821,39
10821,44
10822,5
10822,6
10822,10
10822,18
10822,20
10822,26
10822,39
10822,40
10822,44
10822,48
10823,4
10823,13
10823,23
10823,28
10823,33
10823,36
10823,42
10823,47
10824,5
10824,6
10824,7
10824,14
10824,17
10824,22
10824,24
10824,40
10824,43
10824,43
10824,45
10825,23
10825,24
10825,26
10825,27
10825,30
10825,31
10825,35
10825,37
10825,38
10825,39
10825,44
10825,44
10825,50
10826,13
10826,18
10826,20
10826,28
10826,31
10826,39
10826,46
10826,48
10826,48
10826,48
10826,48
10827,6
10827,8
10827,20
10827,22
10827,23
10827,32
10827,39
10827,39
10827,40
10827,43
10827,46
10827,46
10827,47
10827,49
10828,1
10828,1
10828,3
10828,3
10828,5
10828,6
10828,15
10828,19
10828,22
10828,23
10828,24
10828,25
10828,34
10828,35
10828,37
10828,37
10828,43
10828,45
10828,49
10829,3
10829,5
10829,7
10829,19
10829,22
10829,24
10829,26
10829,28
10829,31
10829,35
10829,36
10829,37
10829,40
10830,5
10830,6
10830,14
10830,16
10830,17
10830,17
10830,20
10830,22
10830,28
10830,29
10830,32
10830,35
10830,36
10831,10
10831,13
10831,13
10831,22
10831,30
10831,31
10831,34
10831,36
10831,37
10831,43
10831,44
10831,47
10831,50
10832,1
10832,13
10832,23
10832,24
10832,25
10832,29
10832,43
10833,10
10833,11
10833,20
10833,20
10833,22
10833,23
10833,23
10833,37
10833,38
10833,41
10833,48
10834,4
10834,6
10834,7
10834,10
10834,13
10834,30
10834,39
10834,39
10834,39
10834,40
10834,41
10834,50
10835,3
10835,12
10835,18
10835,25
10835,27
10835,27
10835,36
10835,39
10835,42
10835,42
10835,46
10836,2
10836,9
10836,20
10836,35
10836,39
10836,44
10836,48
10836,49
10837,14
10837,16
10837,19
10837,23
10837,25
10837,31
10837,46
10837,46
10837,49
10838,4
10838,13
10838,13
10838,14
10838,15
10838,16
10838,21
10838,45
10838,46
10839,11
10839,25
10839,48
10840,7
10840,16
10840,17
10840,20
10840,22
10840,33
10840,44
10840,46
10841,1
10841,2
10841,7
10841,7
10841,8
10841,9
10841,18
10841,21
10841,24
10841,35
10841,35
10841,41
10842,7
10842,7
10842,10
10842,20
10842,23
10842,28
10842,34
10842,42
10842,43
10843,3
10843,6
10843,6
10843,7
10843,9
10843,17
10843,25
10843,30
10843,41
10843,45
10843,46
10843,49
10844,1
10844,7
10844,10
10844,23
10844,26
10844,29
10844,30
10844,30
10844,31
10844,38
10844,43
10844,47
10844,48
10845,6
10845,11
10845,17
10845,39
10845,40
10845,41
10845,41
10845,41
10845,48
10846,4
10846,8
10846,11
10846,11
10846,13
10846,14
10846,26
10846,26
10846,32
10846,33
10846,35
10847,4
10847,6
10847,9
10847,15
10847,30
10847,37
10848,1
10848,2
10848,3
10848,8
10848,9
10848,11
10848,16
10848,17
10848,18
10848,24
10848,34
10848,38
10848,38
10848,39
10848,43
10848,44
10848,47
10849,1
10849,2
10849,5
10849,5
10849,10
10849,15
10849,15
10849,26
10849,27
10849,32
10849,33
10849,38
10849,38
10849,41
10849,47
10850,12
10850,18
10850,21
10850,32
10850,44
10850,48
10851,5
10851,6
10851,18
10851,19
10851,21
10851,24
10851,30
10851,37
10851,38
10851,42
10851,45
10852,1
10852,5
10852,18
10852,22
10852,24
10852,25
10852,32
10852,32
10852,33
10852,36
10852,39
10852,45
10852,46
10852,49
10853,5
10853,6
10853,12
10853,14
10853,20
10853,21
10853,29
10853,41
10853,47
10854,1
10854,6
10854,7
10854,8
10854,12
10854,13
10854,26
10854,28
10854,30
10854,37
10854,43
10854,49
10855,7
10855,7
10855,11
10855,21
10855,24
10855,34
10855,38
10855,43
10855,44
10855,46
10855,48
10856,2
10856,4
10856,6
10856,11
10856,13
10856,14
10856,30
10856,38
10856,42
10856,47
10857,6
10857,7
10857,17
10857,30
10857,43
10858,6
10858,8
10858,9
10858,19
10858,22
10858,26
10858,44
10858,49
10859,2
10859,7
10859,13
10859,14
10859,27
10859,37
10859,39
10859,47
10859,50
10860,15
10860,21
10860,27
10860,28
10860,29
10860,30
10860,36
10861,4
10861,12
10861,24
10861,28
10861,31
10861,41
10862,10
10862,11
10862,15
10862,22
10862,25
10862,26
10862,33
10862,37
10862,42
10863,3
10863,6
10863,11
10863,18
10863,22
10863,34
10863,38
10863,48
10864,2
10864,31
10864,46
10864,48
10865,3
10865,7
10865,7
10865,14
10865,18
10865,20
10865,22
10865,39
10865,43
10865,50
10866,1
10866,6
10866,7
10866,10
10866,17
10866,19
10866,33
10866,36
10866,47
10867,3
10867,14
10867,17
10867,23
10867,26
10867,26
10867,31
10867,36
10867,37
10867,40
10867,50
10868,1
10868,8
10868,11
10868,19
10868,21
10868,21
10868,26
10868,28
10868,34
10868,48
10869,4
10869,10
10869,13
10869,28
10869,28
10869,29
10869,31
10869,32
10869,38
10869,42
10870,1
10870,4
10870,12
10870,16
10870,18
10870,19
10870,31
10870,41
10870,45
10870,47
10870,47
10871,9
10871,11
10871,12
10871,29
10871,33
10871,42
10871,49
10872,9
10872,10
10872,11
10872,25
10872,26
10872,32
10872,46
10872,47
10872,48
10873,4
10873,7
10873,15
10873,19
10873,27
10873,30
10873,36
10873,38
10873,47
10874,1
10874,3
10874,9
10874,11
10874,20
10874,30
10874,37
10875,1
10875,5
10875,8
10875,25
10875,28
10875,40
10875,46
10875,49
10875,50
10876,14
10876,20
10876,20
10876,24
10876,27
10876,27
10876,27
10876,28
10876,31
10876,32
10876,42
10876,43
10876,48
10877,2
10877,5
10877,20
10877,29
10877,31
10877,43
10877,45
10878,15
10878,18
10878,24
10878,33
10878,44
10879,6
10879,6
10879,11
10879,14
10879,22
10879,29
10879,34
10879,36
10879,44
10879,49
10880,5
10880,8
10880,15
10880,16
10880,27
10880,32
10880,33
10880,37
10880,38
10880,42
10880,42
10880,43
10880,45
10880,46
10881,1
10881,1
10881,2
10881,9
10881,15
10881,21
10881,26
10881,27
10881,27
10881,27
10881,35
10881,42
10881,48
10882,3
10882,3
10882,3
10882,5
10882,12
10882,12
10882,14
10882,20
10882,25
10882,28
10882,34
10882,36
10882,44
10882,47
10882,50
10883,2
10883,2
10883,8
10883,12
10883,16
10883,17
10883,20
10883,21
10883,22
10883,30
10883,35
10883,37
10883,40
10883,42
10883,44
10883,47
10883,48
10884,1
10884,3
10884,7
10884,11
10884,14
10884,18
10884,33
10884,39
10885,5
10885,5
10885,6
10885,9
10885,13
10885,19
10885,22
10885,35
10885,44
10885,46
10885,49
10886,2
10886,5
10886,8
10886,8
10886,10
10886,12
10886,18
10886,32
10886,35
10886,37
10886,38
10886,39
10886,39
10886,41
10886,45
10886,49
10887,1
10887,4
10887,8
10887,10
10887,19
10887,20
10887,22
10887,25
10887,25
10887,29
10887,29
10887,30
10887,38
10887,42
10887,46
10887,50
10888,5
10888,19
10888,35
10888,42
10888,43
10888,43
10888,50
10889,9
10889,10
10889,11
10889,21
10889,34
10889,42
10889,44
10889,49
10890,5
10890,9
10890,15
10890,30
10890,39
10890,40
10890,41
10890,44
10890,48
10891,1
10891,3
10891,13
10891,14
10891,23
10891,23
10891,38
10891,38
10891,44
10892,16
10892,21
10892,23
10892,23
10892,24
10892,24
10892,24
10892,32
10892,33
10892,34
10892,38
10892,41
10892,43
10893,12
10893,15
10893,22
10893,26
10893,28
10893,32
10893,35
10893,38
10893,39
10893,44
10893,47
10894,10
10894,25
10894,28
10894,32
10894,33
10894,42
10894,48
10895,4
10895,4
10895,4
10895,6
10895,14
10895,26
10895,32
10895,35
10895,44
10896,1
10896,4
10896,7
10896,11
10896,15
10896,22
10896,23
10896,25
10896,48
10896,48
10896,49
10897,1
10897,4
10897,6
10897,11
10897,12
10897,18
10897,19
10897,19
10897,23
10897,25
10897,29
10897,29
10897,34
10897,35
10897,45
10898,5
10898,14
10898,19
10898,38
10898,45
10898,50
10899,1
10899,2
10899,3
10899,5
10899,6
10899,19
10899,30
10899,31
10899,35
10899,39
10899,45
10899,49
10899,49
10900,2
10900,2
10900,5
10900,7
10900,11
10900,13
10900,14
10900,28
10900,28
10900,28
10900,34
10900,35
10900,38
10900,40
10901,6
10901,15
10901,20
10901,33
10901,39
10901,41
10901,50
10902,2
10902,6
10902,17
10902,17
10902,18
10902,24
10902,29
10902,34
10902,38
10902,46
10902,48
10903,4
10903,5
10903,7
10903,12
10903,12
10903,15
10903,17
10903,17
10903,24
10903,24
10903,33
10903,42
10903,42
10903,49
10904,1
10904,12
10904,15
10904,23
10904,25
10904,25
10904,26
10904,29
10904,31
10904,35
10904,46
10904,47
10904,50
10905,6
10905,14
10905,28
10905,34
10905,39
10906,6
10906,15
10906,16
10906,18
10906,35
10906,42
10906,43
10907,3
10907,13
10907,15
10907,15
10907,21
10907,21
10907,36
10907,38
10907,42
10908,5
10908,7
10908,15
10908,21
10908,23
10908,26
10908,26
10908,30
10908,30
10908,31
10908,38
10908,38
10908,43
10908,50
10909,6
10909,7
10909,8
10909,18
10909,26
10909,28
10909,33
10909,35
10909,35
10909,37
10910,1
10910,2
10910,7
10910,8
10910,15
10910,30
10910,40
10910,48
10911,4
10911,12
10911,16
10911,22
10911,22
10911,31
10911,34
10911,37
10911,49
10911,49
10911,49
10911,49
10911,50
10912,1
10912,26
10912,29
10912,32
10912,33
10912,33
10912,40
10912,46
10912,46
10912,48
10913,4
10913,6
10913,6
10913,12
10913,14
10913,36
10913,49
10914,3
10914,20
10914,21
10914,24
10914,25
10914,28
10914,38
10914,46
10915,5
10915,6
10915,7
10915,8
10915,11
10915,18
10915,23
10915,28
10915,35
10915,40
10916,5
10916,9
10916,12
10916,15
10916,20
10916,20
10916,23
10916,24
10916,24
10916,25
10916,28
10916,35
10916,38
10917,7
10917,9
10917,15
10917,30
10917,35
10917,37
10917,39
10917,40
10917,42
10917,48
10918,11
10918,13
10918,18
10918,24
10918,31
10918,31
10918,39
10918,45
10918,46
10919,3
10919,6
10919,8
10919,12
10919,13
10919,18
10919,21
10919,22
10919,33
10919,38
10919,41
10919,49
10920,1
10920,1
10920,2
10920,7
10920,9
10920,9
10920,11
10920,20
10920,22
10920,31
10920,41
10920,49
10921,1
10921,4
10921,8
10921,19
10921,21
10921,44
10921,44
10921,45
10921,45
10922,6
10922,15
10922,17
10922,22
10922,26
10922,34
10922,42
10922,44
10922,45
10922,48
10922,49
10922,50
10923,17
10923,20
10923,21
10923,34
10923,37
10923,40
10923,49
10924,6
10924,6
10924,7
10924,11
10924,12
10924,12
10924,14
10924,15
10924,16
10924,20
10924,23
10924,24
10924,24
10924,29
10924,29
10924,32
10924,37
10924,44
10924,50
10925,8
10925,11
10925,12
10925,13
10925,28
10925,43
10925,44
10926,9
10926,11
10926,12
10926,15
10926,22
10926,26
10926,27
10926,30
10926,44
10927,5
10927,7
10927,10
10927,11
10927,13
10927,21
10927,29
10927,31
10927,34
10928,20
10928,24
10928,30
10928,31
10928,40
10928,45
10928,48
10929,5
10929,17
10929,21
10929,21
10929,21
10929,32
10929,33
10929,38
10929,40
10929,43
10929,49
10930,5
10930,5
10930,9
10930,19
10930,23
10930,28
10930,29
10930,30
10930,33
10930,36
10930,44
10930,49
10931,8
10931,17
10931,18
10931,23
10931,24
10931,32
10932,5
10932,21
10932,30
10932,34
10932,36
10932,37
10932,42
10932,47
10933,5
10933,9
10933,9
10933,11
10933,12
10933,23
10933,34
10933,34
10933,37
10933,37
10933,38
10933,41
10934,12
10934,25
10934,25
10934,25
10934,25
10934,28
10934,41
10934,43
10934,47
10935,3
10935,6
10935,6
10935,9
10935,10
10935,17
10935,19
10935,22
10935,35
10935,42
10936,4
10936,14
10936,18
10936,22
10936,32
10936,38
10936,39
10936,41
10936,50
10937,3
10937,15
10937,16
10937,17
10937,20
10937,26
10937,28
10937,30
10937,32
10937,35
10937,36
10937,36
10937,36
10938,4
10938,4
10938,7
10938,15
10938,21
10938,31
10938,35
10938,47
10939,9
10939,16
10939,19
10939,24
10939,30
10939,36
10939,36
10939,42
10939,44
10940,3
10940,9
10940,9
10940,10
10940,10
10940,15
10940,31
10940,39
10940,42
10941,2
10941,7
10941,9
10941,9
10941,12
10941,24
10941,31
10941,31
10941,32
10941,34
10941,34
10941,37
10941,42
10941,46
10941,49
10941,50
10942,18
10942,20
10942,21
10942,27
10942,32
10942,45
10942,45
10942,50
10943,23
10943,29
10943,32
10943,35
10943,41
10943,45
10944,16
10944,30
10944,32
10944,34
10944,40
10944,42
10944,44
10944,48
10944,50
10945,10
10945,11
10945,30
10945,40
10945,45
10945,48
10946,4
10946,15
10946,16
10946,24
10946,33
10946,41
10946,41
10946,48
10947,1
10947,2
10947,8
10947,13
10947,14
10947,15
10947,16
10947,18
10947,18
10947,22
10947,24
10947,33
10947,36
10947,45
10948,1
10948,9
10948,23
10948,26
10948,38
10948,38
10948,42
10948,42
10948,44
10948,48
10948,49
10949,3
10949,7
10949,17
10949,17
10949,24
10949,31
10949,32
10949,38
10949,38
10949,48
10949,49
10950,1
10950,2
10950,3
10950,10
10950,11
10950,15
10950,18
10950,34
10950,34
10950,34
10950,37
10950,39
10950,41
10950,46
10951,1
10951,6
10951,8
10951,12
10951,17
10951,19
10951,37
10951,48
10952,3
10952,3
10952,3
10952,6
10952,13
10952,17
10952,22
10952,25
10952,30
10952,39
10952,41
10952,45
10952,46
10952,48
10953,3
10953,11
10953,18
10953,20
10953,23
10953,23
10953,26
10953,28
10953,31
10953,32
10953,41
10953,47
10954,20
10954,24
10954,24
10954,28
10954,30
10954,45
10954,48
10954,50
10955,3
10955,3
10955,14
10955,16
10955,17
10955,20
10955,22
10955,31
10955,32
10955,32
10955,34
10955,35
10955,35
10955,39
10955,40
10955,45
10955,46
10956,1
10956,17
10956,18
10956,20
10956,24
10956,35
10956,39
10956,44
10956,44
10956,45
10956,46
10956,48
10957,14
10957,18
10957,18
10957,25
10957,25
10957,38
10957,49
10958,4
10958,5
10958,6
10958,9
10958,10
10958,10
10958,22
10958,24
10958,26
10958,31
10959,6
10959,6
10959,15
10959,24
10959,31
10959,38
10959,41
10960,3
10960,4
10960,7
10960,9
10960,28
10960,34
10960,35
10960,35
10960,36
10960,40
10960,40
10960,41
10960,42
10961,2
10961,2
10961,4
10961,8
10961,9
10961,24
10961,27
10961,29
10962,19
10962,27
10962,28
10962,31
10962,36
10962,37
10962,39
10962,43
10962,50
10963,2
10963,9
10963,11
10963,15
10963,15
10963,16
10963,18
10963,23
10963,29
10963,30
10963,31
10963,31
10963,39
10963,40
10964,5
10964,17
10964,25
10964,27
10964,43
10964,48
10965,1
10965,6
10965,9
10965,14
10965,18
10965,19
10965,20
10965,20
10965,25
10965,34
10965,39
10965,41
10965,42
10965,46
10966,6
10966,9
10966,19
10966,30
10966,30
10966,42
10966,45
10966,47
10966,48
10967,5
10967,6
10967,27
10967,28
10967,31
10967,33
10967,44
10967,45
10967,47
10967,49
10968,5
10968,6
10968,24
10968,25
10968,29
10969,16
10969,17
10969,22
10969,26
10969,27
10969,32
10969,33
10969,49
10970,2
10970,4
10970,6
10970,9
10970,11
10970,11
10970,13
10970,16
10970,34
10970,38
10970,49
10971,3
10971,3
10971,14
10971,17
10971,18
10971,29
10971,33
10971,43
10971,44
10972,2
10972,8
10972,9
10972,16
10972,18
10972,25
10972,32
10972,35
10972,39
10973,5
10973,9
10973,14
10973,24
10973,27
10973,33
10973,36
10973,40
10973,41
10973,43
10973,49
10974,1
10974,6
10974,7
10974,10
10974,11
10974,14
10974,15
10974,22
10974,31
10974,46
10974,46
10974,46
10975,1
10975,6
10975,11
10975,19
10975,23
10975,26
10975,29
10975,30
10975,45
10976,4
10976,22
10976,27
10976,27
10976,34
10976,49
10977,5
10977,11
10977,18
10977,26
10977,27
10977,34
10977,40
10977,43
10977,44
10978,3
10978,11
10978,12
10978,21
10978,22
10978,27
10978,49
10979,10
10979,11
10979,14
10979,18
10979,18
10979,28
10979,29
10979,33
10980,2
10980,3
10980,4
10980,5
10980,15
10980,17
10980,22
10980,24
10980,29
10980,33
10980,38
10980,45
10981,2
10981,10
10981,13
10981,19
10981,20
10981,25
10981,26
10981,49
10982,1
10982,6
10982,8
10982,9
10982,11
10982,13
10982,23
10982,24
10982,25
10982,37
10982,40
10983,16
10983,20
10983,23
10983,25
10983,31
10983,32
10983,37
10983,47
10984,1
10984,4
10984,6
10984,13
10984,20
10984,21
10984,30
10984,37
10984,37
10984,38
10984,41
10984,42
10985,15
10985,20
10985,25
10985,33
10985,39
10985,39
10985,43
10985,50
10986,5
10986,7
10986,10
10986,15
10986,19
10986,22
10987,4
10987,9
10987,13
10987,14
10987,30
10987,31
10987,31
10987,45
10988,4
10988,8
10988,9
10988,10
10988,15
10988,22
10988,25
10988,27
10988,34
10988,36
10988,39
10988,41
10988,42
10988,44
10989,15
10989,25
10989,28
10989,37
10989,44
10989,49
10990,4
10990,6
10990,7
10990,8
10990,16
10990,17
10990,22
10990,26
10990,28
10990,32
10990,49
10990,50
10991,1
10991,3
10991,8
10991,8
10991,11
10991,12
10991,17
10991,17
10991,29
10991,46
10992,6
10992,31
10992,33
10992,33
10992,38
10992,50
10993,1
10993,4
10993,7
10993,15
10993,21
10993,27
10993,29
10993,30
10993,40
10993,49
10994,2
10994,2
10994,3
10994,6
10994,7
10994,7
10994,15
10994,17
10994,17
10994,19
10994,36
10995,4
10995,7
10995,14
10995,17
10995,19
10995,24
10995,28
10995,35
10995,43
10996,1
10996,10
10996,11
10996,15
10996,38
10996,39
10996,43
10996,45
10996,49
10996,50
10997,3
10997,12
10997,15
10997,20
10997,20
10997,31
10998,4
10998,15
10998,18
10998,23
10998,34
10998,36
10998,42
10999,3
10999,13
10999,36
10999,37
10999,41
10999,45
10999,48
10999,50
11000,12
11000,31
11000,38
11000,43
11001,4
11001,6
11001,17
11001,18
11001,27
11001,28
11001,42
11002,2
11002,18
11002,22
11002,31
11002,34
11002,41
11003,7
11003,10
11003,17
11003,28
11003,28
11003,30
11003,37
11004,1
11004,13
11004,33
11004,36
11004,43
11004,44
11005,2
11005,8
11005,16
11005,18
11005,26
11005,30
11005,33
11005,36
11005,38
11005,38
11005,43
11005,44
11005,47
11006,4
11006,9
11006,11
11006,15
11006,21
11006,27
11006,31
11006,32
11006,39
11007,4
11007,6
11007,9
11007,16
11007,16
11007,18
11007,30
11007,33
11007,40
11007,41
11007,47
11007,50
11008,1
11008,2
11008,13
11008,14
11008,15
11008,19
11008,19
11008,36
11008,39
11008,42
11008,44
11009,11
11009,14
11009,26
11009,27
11009,28
11009,35
11009,37
11009,38
11009,39
11009,40
11009,40
11009,44
11009,48
11009,48
11009,50
11010,4
11010,4
11010,9
11010,12
11010,14
11010,14
11010,16
11010,18
11010,23
11010,31
11010,40
11010,45
11010,50
11011,1
11011,4
11011,4
11011,6
11011,8
11011,8
11011,19
11011,32
11011,32
11011,41
11011,42
11011,45
11012,7
11012,12
11012,37
11012,38
11012,41
11012,49
11013,4
11013,7
11013,9
11013,16
11013,20
11013,22
11013,23
11013,34
11013,42
11013,46
11014,3
11014,11
11014,16
11014,20
11014,21
11014,29
11014,31
11014,31
11015,1
11015,3
11015,3
11015,7
11015,9
11015,11
11015,25
11015,34
11015,34
11015,40
11015,50
11015,50
11016,4
11016,9
11016,10
11016,14
11016,27
11016,30
11016,32
11016,32
11016,32
11016,39
11016,46
11017,1
11017,5
11017,5
11017,9
11017,18
11017,19
11017,20
11017,27
11017,29
11017,30
11017,30
11017,33
11017,42
11017,49
11017,50
11018,3
11018,7
11018,13
11018,14
11018,26
11018,30
11018,34
11018,36
11018,44
11018,44
11018,45
11018,50
11019,20
11019,22
11019,23
11019,24
11019,25
11019,28
11019,40
11019,41
11020,11
11020,17
11020,26
11020,30
11020,34
11020,41
11020,43
11020,45
11021,1
11021,13
11021,17
11021,22
11021,23
11021,26
11021,30
11021,32
11021,33
11021,38
11021,47
11021,49
11022,1
11022,4
11022,8
11022,9
11022,21
11022,21
11022,22
11022,31
11022,35
11022,37
11022,43
11022,49
11022,50
11023,9
11023,9
11023,10
11023,27
11023,46
11023,48
11024,11
11024,25
11024,26
11024,30
11024,36
11024,36
11024,37
11024,47
11025,11
11025,11
11025,12
11025,13
11025,15
11025,19
11025,21
11025,26
11025,30
11026,5
11026,9
11026,11
11026,15
11026,19
11026,21
11026,26
11026,29
11026,37
11026,40
11026,50
11027,2
11027,8
11027,9
11027,15
11027,21
11027,21
11027,28
11027,41
11027,47
11027,49
11028,2
11028,10
11028,11
11028,14
11028,16
11028,23
11028,30
11028,31
11028,37
11028,49
11029,11
11029,13
11029,18
11029,25
11029,28
11029,32
11029,35
11029,38
11029,40
11029,50
11030,6
11030,10
11030,13
11030,32
11030,41
11030,44
11030,44
11030,50
11031,4
11031,5
11031,18
11031,30
11031,41
11032,5
11032,9
11032,18
11032,23
11032,31
11032,35
11032,37
11032,38
11032,38
11032,42
11032,44
11032,45
11032,48
11032,49
11033,7
11033,12
11033,17
11033,24
11033,31
11033,31
11033,39
11033,40
11033,47
11034,2
11034,9
11034,10
11034,15
11034,16
11034,27
11034,49
11035,1
11035,1
11035,2
11035,11
11035,22
11035,22
11035,26
11035,37
11035,37
11035,39
11035,45
11036,16
11036,18
11036,30
11036,32
11036,34
11036,35
11036,36
11036,41
11036,46
11037,10
11037,17
11037,19
11037,28
11037,32
11037,34
11037,38
11037,47
11038,3
11038,6
11038,7
11038,8
11038,10
11038,17
11038,18
11038,25
11038,25
11038,33
11038,38
11038,48
11038,48
11039,2
11039,4
11039,8
11039,15
11039,15
11039,20
11039,23
11039,49
11040,1
11040,10
11040,13
11040,16
11040,21
11040,21
11040,24
11040,25
11040,33
11040,37
11040,43
11040,46
11041,12
11041,18
11041,19
11041,22
11041,33
11041,47
11042,8
11042,10
11042,19
11042,28
11042,29
11042,31
11042,43
11042,48
11043,2
11043,24
11043,28
11043,31
11043,36
11043,36
11043,38
11043,49
11043,49
11044,4
11044,10
11044,20
11044,30
11044,33
11044,33
11044,33
11044,34
11044,36
11044,36
11044,47
11045,5
11045,7
11045,7
11045,8
11045,10
11045,17
11045,48
11046,5
11046,8
11046,8
11046,13
11046,13
11046,15
11046,16
11046,20
11046,24
11046,24
11046,24
11046,35
11046,39
11046,41
11046,45
11046,46
11046,49
11047,6
11047,17
11047,26
11047,33
11047,37
11047,45
11048,2
11048,4
11048,5
11048,6
11048,6
11048,8
11048,15
11048,18
11048,23
11048,24
11048,27
11048,31
11048,31
11048,32
11048,33
11048,37
11048,39
11048,42
11048,45
11049,1
11049,8
11049,13
11049,18
11049,18
11049,19
11049,21
11049,24
11049,28
11049,30
11049,31
11049,40
11049,40
11049,42
11049,45
11049,45
11049,48
11049,50
11050,2
11050,6
11050,8
11050,15
11050,16
11050,17
11050,19
11050,22
11050,24
11050,26
11050,34
11050,35
11050,36
11050,39
11050,44
11050,49
11050,50
11051,1
11051,19
11051,19
11051,24
11051,27
11051,36
11051,37
11051,40
11051,42
11052,9
11052,22
11052,24
11052,27
11052,32
11052,32
11052,36
11052,42
11052,48
11052,50
11053,17
11053,29
11053,31
11053,33
11053,35
11053,41
11053,44
11053,45
11053,48
11053,48
11054,1
11054,5
11054,5
11054,7
11054,12
11054,14
11054,14
11054,15
11054,18
11054,21
11054,21
11054,27
11054,38
11054,40
11054,40
11055,1
11055,14
11055,21
11055,23
11055,27
11055,31
11055,35
11055,35
11055,40
11055,43
11056,2
11056,18
11056,27
11056,39
11057,6
11057,6
11057,9
11057,20
11057,31
11057,33
11057,37
11058,9
11058,11
11058,12
11058,15
11058,18
11058,21
11058,36
11058,36
11058,44
11058,46
11058,47
11059,1
11059,2
11059,7
11059,9
11059,15
11059,15
11059,19
11059,26
11059,27
11059,41
11059,43
11060,3
11060,10
11060,14
11060,16
11060,24
11060,35
11060,36
11060,38
11061,4
11061,14
11061,28
11061,28
11061,33
11061,36
11061,43
11061,48
11062,1
11062,4
11062,16
11062,22
11062,31
11062,39
11062,40
11062,42
11063,4
11063,13
11063,17
11063,24
11063,29
11063,34
11063,34
11063,39
11063,39
11063,41
11063,43
11063,50
11064,15
11064,32
11064,33
11064,35
11064,38
11064,38
11064,47
11064,49
11065,6
11065,10
11065,18
11065,19
11065,19
11065,28
11065,29
11065,31
11065,32
11065,32
11065,36
11065,41
11065,49
11066,7
11066,18
11066,19
11066,20
11066,23
11066,30
11066,37
11066,44
11066,45
11066,46
11067,2
11067,8
11067,30
11067,35
11067,38
11067,39
11067,44
11068,7
11068,17
11068,23
11068,25
11068,28
11068,32
11068,41
11069,7
11069,8
11069,15
11069,16
11069,18
11069,21
11069,26
11069,27
11069,28
11069,33
11069,38
11069,46
11070,15
11070,18
11070,22
11070,24
11070,26
11070,31
11070,33
11070,40
11070,40
11070,43
11071,6
11071,6
11071,6
11071,16
11071,19
11071,20
11071,21
11071,22
11071,25
11071,27
11071,27
11071,36
11071,42
11071,46
11071,49
11071,49
11072,3
11072,4
11072,7
11072,8
11072,9
11072,18
11072,18
11072,19
11072,22
11072,23
11072,29
11072,46
11072,48
11072,50
11073,3
11073,10
11073,11
11073,17
11073,20
11073,21
11073,34
11073,48
11074,2
11074,20
11074,20
11074,30
11074,35
11074,38
11074,39
11074,39
11074,40
11074,41
11074,47
11074,50
11075,2
11075,4
11075,5
11075,6
11075,17
11075,20
11075,21
11075,22
11075,24
11075,26
11075,31
11075,32
11075,33
11075,50
11076,3
11076,6
11076,12
11076,15
11076,16
11076,17
11076,18
11076,22
11076,25
11076,26
11076,27
11076,29
11076,32
11076,48
11076,48
11077,7
11077,8
11077,9
11077,13
11077,13
11077,20
11077,25
11077,29
11077,40
11078,1
11078,10
11078,11
11078,13
11078,17
11078,23
11078,31
11078,37
11078,45
11079,5
11079,24
11079,28
11079,32
11079,33
11079,36
11079,38
11079,43
11079,43
11079,43
11079,46
11079,46
11079,50
11080,3
11080,4
11080,21
11080,29
11080,32
11080,36
11080,42
11080,48
11081,3
11081,10
11081,10
11081,10
11081,20
11081,25
11081,45
11082,4
11082,12
11082,15
11082,16
11082,22
11082,44
11083,5
11083,18
11083,18
11083,24
11083,34
11083,38
11083,39
11083,39
11083,47
11083,48
11084,9
11084,10
11084,20
11084,20
11084,21
11084,25
11084,47
11085,1
11085,4
11085,15
11085,21
11085,23
11085,33
11085,39
11085,47
11086,37
11086,38
11087,2
11087,7
11087,7
11087,11
11087,13
11087,14
11087,16
11087,20
11087,20
11087,28
11087,29
11087,30
11087,39
11087,40
11087,43
11087,50
11088,2
11088,5
11088,11
11088,13
11088,21
11088,25
11088,50
11089,3
11089,3
11089,10
11089,20
11089,21
11089,41
11089,45
11089,47
11090,2
11090,5
11090,12
11090,15
11090,19
11090,21
11090,21
11090,27
11090,28
11090,31
11090,35
11090,41
11090,42
11090,42
11091,1
11091,3
11091,4
11091,11
11091,12
11091,15
11091,16
11091,20
11091,28
11091,32
11091,32
11091,37
11091,38
11091,39
11091,43
11092,5
11092,6
11092,20
11092,26
11092,34
11092,34
11092,39
11092,40
11092,46
11092,49
11093,7
11093,18
11093,20
11093,25
11093,34
11093,38
11093,40
11093,42
11093,43
11093,50
11094,11
11094,18
11094,19
11094,23
11094,46
11094,47
11094,50
11095,9
11095,9
11095,11
11095,12
11095,15
11095,18
11095,19
11095,22
11095,26
11095,35
11095,36
11095,38
11095,48
11096,2
11096,19
11096,20
11096,40
11096,45
11096,47
11096,48
11096,49
11096,50
11096,50
11097,2
11097,8
11097,16
11097,20
11097,21
11097,23
11097,25
11097,30
11097,45
11097,47
11098,18
11098,27
11098,27
11098,30
11098,38
11098,39
11098,39
11098,44
11098,44
11098,45
11098,47
11099,2
11099,5
11099,7
11099,17
11099,27
11099,35
11099,37
11099,38
11100,2
11100,9
11100,15
11100,25
11100,31
11100,32
11100,33
11100,35
11100,38
11100,39
11100,49
11101,8
11101,10
11101,14
11101,14
11101,14
11101,14
11101,16
11101,27
11101,27
11101,44
11101,45
11102,4
11102,15
11102,21
11102,29
11102,32
11102,33
11102,35
11102,41
11102,44
11102,46
11102,48
11102,49
11102,50
11103,2
11103,9
11103,11
11103,13
11103,14
11103,16
11103,19
11103,23
11103,37
11103,37
11103,43
11103,47
11104,1
11104,2
11104,2
11104,8
11104,14
11104,28
11104,37
11104,39
11105,2
11105,2
11105,5
11105,8
11105,10
11105,11
11105,16
11105,25
11105,28
11105,35
11105,38
11105,50
11106,2
11106,6
11106,18
11106,45
11106,45
11107,3
11107,6
11107,8
11107,10
11107,14
11107,15
11107,27
11107,28
11107,29
11107,34
11107,39
11108,3
11108,4
11108,7
11108,13
11108,18
11108,21
11108,30
11108,39
11108,40
11108,43
11108,44
11108,44
11108,49
11109,19
11109,28
11109,28
11109,33
11109,35
11109,36
11109,37
11109,43
11109,44
11109,44
11110,8
11110,11
11110,19
11110,30
11110,31
11110,32
11110,38
11110,38
11110,47
11111,9
11111,15
11111,16
11111,19
11111,22
11111,23
11111,24
11111,28
11111,30
11111,40
11111,43
11111,47
11111,48
11112,2
11112,7
11112,9
11112,12
11112,15
11112,17
11112,29
11112,30
11112,38
11112,38
11112,50
11113,3
11113,3
11113,27
11113,36
11113,37
11113,50
11114,2
11114,2
11114,6
11114,9
11114,11
11114,18
11114,21
11114,28
11114,29
11114,29
11114,30
11114,31
11114,35
11114,42
11115,8
11115,13
11115,20
11115,23
11115,26
11115,27
11115,27
11115,30
11115,33
11115,36
11115,37
11115,38
11116,3
11116,7
11116,25
11116,33
11116,41
11116,43
11116,45
11117,1
11117,2
11117,12
11117,21
11117,34
11117,38
11118,3
11118,16
11118,25
11118,29
11118,32
11118,36
11118,48
11118,48
11118,49
11119,4
11119,13
11119,13
11119,17
11119,24
11119,25
11119,25
11119,27
11119,27
11119,28
11119,33
11119,34
11119,35
11119,44
11120,2
11120,4
11120,7
11120,11
11120,17
11120,18
11120,20
11120,21
11120,34
11120,34
11120,35
11120,39
11120,39
11120,42
11121,13
11121,18
11121,18
11121,19
11121,19
11121,25
11121,32
11121,43
11122,5
11122,13
11122,13
11122,14
11122,15
11122,16
11122,21
11122,37
11122,41
11122,42
11122,44
11123,11
11123,13
11123,17
11123,29
11123,33
11123,47
11124,1
11124,3
11124,5
11124,10
11124,12
11124,14
11124,19
11124,21
11124,23
11124,27
11124,28
11124,32
11124,39
11124,40
11124,41
11124,42
11124,45
11124,48
11125,1
11125,3
11125,22
11125,29
11125,30
11125,31
11125,35
11125,39
11125,39
11125,40
11125,43
11125,50
11126,6
11126,19
11126,21
11126,25
11126,25
11126,30
11126,31
11126,32
11127,8
11127,12
11127,12
11127,15
11127,15
11127,21
11127,22
11127,25
11127,28
11127,33
11127,35
11128,2
11128,2
11128,5
11128,12
11128,31
11128,42
11128,44
11128,47
11128,49
11129,1
11129,3
11129,3
11129,14
11129,16
11129,22
11129,32
11129,35
11129,36
11129,40
11129,50
11130,3
11130,14
11130,18
11130,19
11130,24
11130,37
11130,39
11130,40
11130,40
11130,47
11130,48
11130,49
11131,6
11131,8
11131,11
11131,11
11131,20
11131,23
11131,25
11131,25
11131,30
11131,43
11131,48
11132,5
11132,15
11132,16
11132,17
11132,18
11132,21
11132,26
11132,33
11132,37
11132,41
11132,42
11132,44
11132,44
11132,45
11133,1
11133,13
11133,15
11133,17
11133,43
11133,44
11133,48
11133,49
11134,3
11134,17
11134,17
11134,19
11134,39
11134,39
11134,43
11134,47
11134,49
11134,50
11135,5
11135,8
11135,26
11135,28
11135,30
11135,33
11135,47
11136,4
11136,11
11136,16
11136,25
11136,25
11136,27
11136,34
11136,39
11136,44
11136,46
11136,47
11137,19
11137,19
11137,21
11137,25
11137,26
11137,30
11137,44
11138,14
11138,17
11138,27
11138,34
11138,46
11138,46
11138,48
11138,49
11139,3
11139,29
11139,32
11139,34
11139,37
11139,42
11139,42
11140,5
11140,8
11140,9
11140,12
11140,13
11140,18
11140,19
11140,28
11140,32
11140,34
11140,34
11140,40
11140,43
11140,47
11140,50
11140,50
11140,50
11141,2
11141,2
11141,4
11141,18
11141,30
11141,31
11141,34
11141,41
11141,42
11142,2
11142,3
11142,11
11142,14
11142,16
11142,17
11142,22
11142,29
11142,32
11142,33
11142,36
11142,41
11142,43
11142,44
11142,45
11142,50
11143,1
11143,6
11143,8
11143,11
11143,25
11143,25
11143,26
11143,27
11143,34
11143,36
11143,38
11143,43
11143,46
11143,47
11144,5
11144,5
11144,7
11144,13
11144,24
11144,24
11144,25
11144,26
11144,27
11144,34
11144,44
11145,2
11145,4
11145,11
11145,11
11145,18
11145,19
11145,23
11145,23
11145,24
11145,27
11145,35
11145,41
11145,49
11146,1
11146,2
11146,3
11146,7
11146,18
11146,25
11146,34
11146,42
11146,43
11147,5
11147,8
11147,18
11147,20
11147,48
11148,3
11148,7
11148,22
11148,28
11148,36
11148,40
11148,45
11148,48
11149,11
11149,13
11149,16
11149,17
11149,19
11149,24
11149,25
11149,29
11149,34
11149,46
11150,5
11150,6
11150,7
11150,10
11150,14
11150,16
11150,18
11150,22
11150,30
11150,34
11150,35
11150,41
11150,45
11151,3
11151,9
11151,10
11151,11
11151,12
11151,20
11151,25
11151,30
11151,31
11151,42
11152,4
11152,5
11152,8
11152,9
11152,14
11152,20
11152,21
11152,24
11152,31
11152,35
11152,35
11152,42
11152,45
11152,49
11152,49
11153,6
11153,8
11153,10
11153,15
11153,19
11153,21
11153,23
11153,24
11153,33
11153,34
11153,36
11153,41
11153,46
11154,16
11154,18
11154,21
11154,25
11154,43
11155,5
11155,8
11155,11
11155,30
11155,33
11155,35
11155,47
11156,3
11156,4
11156,8
11156,10
11156,15
11156,16
11156,21
11156,22
11156,29
11156,30
11156,36
11156,37
11156,37
11156,50
11157,2
11157,3
11157,5
11157,13
11157,13
11157,16
11157,32
11157,39
11157,39
11157,44
11157,48
11157,49
11157,49
11158,5
11158,16
11158,20
11158,28
11158,39
11158,48
11158,50
11159,14
11159,25
11159,39
11159,44
11159,48
11159,48
11160,2
11160,29
11160,37
11160,38
11160,38
11160,47
11160,47
11161,3
11161,9
11161,10
11161,14
11161,20
11161,24
11161,26
11161,28
11161,43
11161,46
11162,2
11162,6
11162,18
11162,26
11162,29
11162,39
11162,40
11162,42
11163,1
11163,7
11163,9
11163,9
11163,21
11163,27
11163,34
11163,38
11163,40
11163,43
11163,47
11164,4
11164,4
11164,5
11164,8
11164,10
11164,10
11164,13
11164,16
11164,21
11164,26
11164,35
11164,40
11164,42
11164,44
11164,46
11165,4
11165,5
11165,8
11165,9
11165,12
11165,39
11165,42
11165,45
11165,46
11165,49
11166,6
11166,9
11166,14
11166,18
11166,25
11166,26
11166,31
11166,38
11166,46
11166,48
11167,3
11167,6
11167,9
11167,9
11167,20
11167,20
11167,21
11167,22
11167,22
11167,23
11167,26
11167,35
11167,38
11167,44
11167,45
11167,46
11167,49
11168,3
11168,5
11168,7
11168,9
11168,10
11168,13
11168,16
11168,18
11168,19
11168,20
11168,24
11168,31
11168,37
11168,41
11168,47
11168,47
11169,3
11169,17
11169,18
11169,21
11169,24
11169,25
11169,29
11169,35
11169,37
11169,39
11169,40
11169,48
11170,2
11170,3
11170,8
11170,13
11170,14
11170,14
11170,14
11170,17
11170,18
11170,25
11170,31
11170,41
11170,42
11170,46
11170,49
11171,5
11171,8
11171,26
11171,30
11171,36
11171,40
11171,44
11172,2
11172,2
11172,7
11172,8
11172,20
11172,30
11172,34
11172,35
11172,42
11173,13
11173,16
11173,18
11173,22
11173,27
11173,35
11173,35
11173,46
11174,7
11174,15
11174,15
11174,30
11174,31
11174,32
11174,37
11174,38
11174,38
11174,39
11174,39
11174,41
11174,49
11174,50
11175,4
11175,8
11175,21
11175,31
11175,31
11175,35
11175,35
11175,39
11175,40
11175,48
11176,5
11176,7
11176,7
11176,12
11176,13
11176,17
11176,18
11176,18
11176,35
11176,37
11176,37
11176,40
11176,42
11176,47
11176,49
11177,2
11177,3
11177,5
11177,11
11177,17
11177,20
11177,26
11177,34
11177,37
11177,44
11177,48
11177,50
11178,7
11178,8
11178,15
11178,18
11178,19
11178,26
11178,32
11178,32
11178,40
11178,46
11179,9
11179,15
11179,19
11179,25
11179,30
11179,34
11179,37
11179,42
11179,48
11179,48
11180,3
11180,4
11180,6
11180,6
11180,16
11180,21
11180,28
11180,30
11180,35
11180,39
11180,47
11180,50
11181,9
11181,11
11181,12
11181,15
11181,18
11181,21
11181,27
11181,33
11181,33
11181,41
11181,50
11181,50
11182,1
11182,1
11182,1
11182,4
11182,6
11182,7
11182,8
11182,8
11182,8
11182,21
11182,23
11182,29
11182,30
11182,38
11182,39
11182,41
11182,46
11182,48
11183,6
11183,12
11183,17
11183,28
11183,31
11183,36
11183,39
11183,41
11183,47
11184,13
11184,22
11184,24
11184,32
11184,34
11184,34
11184,39
11184,42
11184,43
11184,47
11185,2
11185,4
11185,5
11185,6
11185,19
11185,21
11185,25
11185,35
11185,35
11185,38
11185,40
11185,42
11185,43
11185,45
11185,47
11185,49
11186,1
11186,5
11186,7
11186,8
11186,18
11186,21
11186,25
11186,29
11186,30
11186,31
11186,36
11186,42
11187,1
11187,3
11187,6
11187,9
11187,17
11187,18
11187,20
11187,24
11187,28
11187,36
11187,38
11187,39
11187,40
11187,43
11187,44
11187,45
11187,46
11187,47
11187,47
11187,48
11188,4
11188,6
11188,11
11188,12
11188,14
11188,14
11188,16
11188,23
11188,36
11188,46
11188,47
11188,50
11189,12
11189,23
11189,38
11189,45
11189,47
11190,13
11190,25
11190,28
11190,47
11191,25
11191,27
11191,32
11191,37
11191,40
11191,41
11191,42
11191,44
11191,47
11192,3
11192,4
11192,12
11192,16
11192,23
11192,23
11192,24
11192,24
11192,26
11192,29
11192,33
11192,34
11192,48
11192,49
11192,49
11193,3
11193,4
11193,18
11193,24
11193,28
11193,37
11193,38
11193,40
11193,43
11194,3
11194,10
11194,17
11194,19
11194,25
11194,30
11194,34
11194,35
11194,45
11194,48
11195,10
11195,16
11195,25
11195,27
11195,27
11195,32
11195,32
11195,35
11195,40
11195,42
11195,45
11195,45
11195,46
11195,46
11195,47
11196,5
11196,5
11196,9
11196,15
11196,20
11196,30
11196,36
11196,41
11196,43
11196,44
11196,48
11197,6
11197,7
11197,11
11197,16
11197,16
11197,21
11197,22
11197,29
11197,37
11198,4
11198,10
11198,24
11198,25
11198,28
11198,30
11198,32
11198,36
11198,39
11198,41
11198,46
11198,47
11199,1
11199,5
11199,8
11199,16
11199,26
11199,28
11199,49
11200,5
11200,11
11200,23
11200,25
11200,26
11200,32
11200,37
11200,42
11200,43
11200,44
11201,3
11201,3
11201,19
11201,21
11201,28
11201,35
11201,40
11201,44
11201,45
11202,9
11202,10
11202,19
11202,20
11202,24
11202,28
11202,34
11202,37
11202,43
11202,47
11202,48
11203,2
11203,5
11203,5
11203,7
11203,9
11203,14
11203,22
11203,22
11203,24
11203,35
11203,37
11203,42
11203,47
11204,1
11204,3
11204,8
11204,8
11204,14
11204,26
11204,31
11204,32
11204,38
11204,38
11205,2
11205,2
11205,6
11205,11
11205,14
11205,22
11205,38
11205,40
11205,50
11205,50
11205,50
11206,6
11206,11
11206,12
11206,14
11206,15
11206,28
11206,29
11206,40
11206,50
11207,4
11207,9
11207,11
11207,14
11207,16
11207,17
11207,20
11207,22
11207,27
11207,39
11207,48
11208,1
11208,13
11208,22
11208,34
11208,36
11208,37
11208,40
11208,40
11208,45
11209,5
11209,11
11209,17
11209,22
11209,24
11209,31
11209,33
11209,36
11209,36
11209,37
11209,39
11209,39
11209,42
11209,49
11209,49
11209,49
11210,1
11210,3
11210,5
11210,7
11210,25
11210,27
11210,31
11210,45
11210,50
11211,16
11211,27
11211,33
11211,45
11212,10
11212,16
11212,21
11212,26
11212,27
11212,30
11212,32
11212,38
11212,43
11212,43
11212,49
11213,4
11213,11
11213,15
11213,20
11213,20
11213,22
11213,23
11213,28
11213,33
11213,34
11213,40
11213,42
11213,49
11213,50
11214,8
11214,27
11214,27
11214,34
11214,43
11214,44
11214,46
11214,46
11214,49
11214,50
11215,5
11215,18
11215,18
11215,19
11215,29
11215,29
11215,31
11215,31
11215,33
11215,40
11215,47
11216,2
11216,7
11216,7
11216,8
11216,11
11216,16
11216,30
11216,45
11216,48
11217,7
11217,19
11217,23
11217,28
11217,30
11217,32
11217,33
11217,37
11217,42
11218,2
11218,5
11218,8
11218,12
11218,13
11218,16
11218,21
11218,24
11218,41
11218,46
11219,5
11219,7
11219,15
11219,20
11219,30
11219,35
11219,50
11220,12
11220,20
11220,23
11220,24
11220,25
11220,26
11220,35
11220,37
11220,41
11220,47
11221,12
11221,12
11221,12
11221,13
11221,20
11221,27
11221,29
11221,42
11221,42
11221,48
11222,9
11222,10
11222,11
11222,26
11222,29
11222,41
11222,43
11222,46
11223,3
11223,5
11223,25
11223,26
11223,45
11224,11
11224,11
11224,15
11224,16
11224,17
11224,36
11224,42
11224,42
11224,48
11225,1
11225,2
11225,17
11225,19
11225,21
11225,23
11225,27
11225,27
11225,30
11225,31
11225,32
11225,38
11225,40
11225,41
11225,47
11226,3
11226,9
11226,11
11226,17
11226,17
11226,18
11226,29
11226,30
11226,30
11226,31
11226,33
11226,35
11226,37
11226,41
11226,43
11226,46
11226,48
11227,1
11227,9
11227,19
11227,20
11227,25
11227,33
11227,40
11227,43
11228,12
11228,17
11228,20
11228,22
11228,34
11228,36
11228,40
11228,41
11228,44
11229,1
11229,5
11229,20
11229,22
11229,27
11229,41
11230,1
11230,10
11230,16
11230,27
11231,2
11231,8
11231,11
11231,16
11231,22
11231,27
11231,35
11231,38
11231,40
11231,41
11232,5
11232,11
11232,19
11232,20
11232,22
11232,29
11232,32
11232,33
11232,43
11233,2
11233,9
11233,14
11233,21
11233,21
11233,23
11233,30
11233,33
11233,39
